model,dataset,device,epochs,train_batch_size,eval_batch_size,train_runtime_seconds,eval_runtime_seconds,extra_metrics_runtime_seconds,hit@5,hit@10,ndcg@5,ndcg@10,mrr@5,mrr@10,coverage@10,avg_recommendation_popularity@10,status,error_message,runtime_seconds,config_json,logged_at,window_days,decay_lambda,embedding_size,learning_rate,train_neg_sample_args,run_id
MostPop,movielens_recbole,cuda,1,2048,2048,108.6,83.67,51.73,0.1675,0.2445,0.0527,0.0554,0.0945,0.1048,0.013890968998053,47081.19480984598,success,,300.45,{},2026-05-23T14:14:42,,,,,,
RecentPop,movielens_recbole,cuda,1,2048,2048,107.96,82.62,48.2,0.0977,0.1632,0.0312,0.0331,0.0626,0.0707,0.0046802456192901,22276.697377484783,success,,351.84,"{""window_days"": 1}",2026-05-23T14:20:34,1.0,,,,,
RecentPop,movielens_recbole,cuda,1,2048,2048,108.36,83.63,47.99,0.115,0.1958,0.0348,0.0395,0.0664,0.0771,0.0056911786730567,29830.348777194515,success,,350.82,"{""window_days"": 3}",2026-05-23T14:26:25,3.0,,,,,
RecentPop,movielens_recbole,cuda,1,2048,2048,106.38,83.94,48.13,0.1101,0.1914,0.0325,0.0377,0.0628,0.0734,0.0052044331286505,28831.849634277543,success,,353.94,"{""window_days"": 7}",2026-05-23T14:32:19,7.0,,,,,
RecentPop,movielens_recbole,cuda,1,2048,2048,106.52,82.52,48.21,0.1164,0.1956,0.0336,0.0382,0.062,0.0723,0.0049797813389246,31276.081721819875,success,,349.71,"{""window_days"": 14}",2026-05-23T14:38:08,14.0,,,,,
RecentPop,movielens_recbole,cuda,1,2048,2048,108.59,82.59,48.19,0.1184,0.1957,0.0353,0.0394,0.0663,0.0762,0.0052418750936049,30862.868858353853,success,,360.65,"{""window_days"": 30}",2026-05-23T14:44:09,30.0,,,,,
RecentPop,movielens_recbole,cuda,1,2048,2048,106.91,81.39,48.5,0.1176,0.1954,0.0345,0.0387,0.0621,0.0719,0.0053167590235135,31472.09439394049,success,,347.22,"{""window_days"": 60}",2026-05-23T14:49:56,60.0,,,,,
RecentPop,movielens_recbole,cuda,1,2048,2048,110.66,82.55,48.27,0.1182,0.1981,0.0346,0.0392,0.0623,0.0724,0.0058783884978283,31746.725857624573,success,,361.02,"{""window_days"": 90}",2026-05-23T14:55:57,90.0,,,,,
DecayPop,movielens_recbole,cuda,1,2048,2048,107.66,84.06,47.96,0.1398,0.2244,0.0425,0.0474,0.079,0.0901,0.0095477010633518,36361.41783844671,success,,433.98,"{""decay_lambda"": 1e-08}",2026-05-23T15:03:11,,1e-08,,,,
DecayPop,movielens_recbole,cuda,1,2048,2048,108.13,86.98,47.58,0.1243,0.2121,0.0372,0.0431,0.0677,0.0789,0.0063276920772802,33135.00929216639,success,,436.36,"{""decay_lambda"": 5e-08}",2026-05-23T15:10:28,,5e-08,,,,
DecayPop,movielens_recbole,cuda,1,2048,2048,101.13,79.5,47.27,0.1216,0.2076,0.0366,0.0419,0.067,0.0779,0.0061030402875542,32402.63218935253,success,,422.08,"{""decay_lambda"": 1e-07}",2026-05-23T15:17:30,,1e-07,,,,
DecayPop,movielens_recbole,cuda,1,2048,2048,99.43,75.08,47.93,0.1186,0.1962,0.0345,0.0387,0.0626,0.0724,0.0052418750936049,31227.92242351599,success,,415.43,"{""decay_lambda"": 5e-07}",2026-05-23T15:24:25,,5e-07,,,,
DecayPop,movielens_recbole,cuda,1,2048,2048,98.71,79.0,47.38,0.1176,0.1944,0.034,0.0382,0.0622,0.072,0.0052044331286505,30543.154524777427,success,,419.55,"{""decay_lambda"": 1e-06}",2026-05-23T15:31:25,,1e-06,,,,
BPR,movielens_recbole,cuda,10,2048,2048,1001.65,80.55,49.44,0.2219,0.3274,0.0699,0.0746,0.1259,0.1398,0.1163321851130747,33411.6090712166,success,,1188.86,"{""embedding_size"": 32, ""epochs"": 10, ""learning_rate"": 0.001, ""train_neg_sample_args"": {""alpha"": 1.0, ""candidate_num"": 0, ""distribution"": ""uniform"", ""dynamic"": false, ""sample_num"": 1}}",2026-05-23T15:51:14,,,32.0,0.001,"{'distribution': 'uniform', 'sample_num': 1, 'alpha': 1.0, 'dynamic': False, 'candidate_num': 0}",
BPR,movielens_recbole,cuda,20,2048,2048,2019.27,79.96,49.58,0.2376,0.3495,0.0762,0.0821,0.1348,0.1496,0.1685262842593979,28275.439575285392,success,,2207.73,"{""embedding_size"": 32, ""epochs"": 20, ""learning_rate"": 0.001, ""train_neg_sample_args"": {""alpha"": 1.0, ""candidate_num"": 0, ""distribution"": ""uniform"", ""dynamic"": false, ""sample_num"": 1}}",2026-05-23T16:28:01,,,32.0,0.001,"{'distribution': 'uniform', 'sample_num': 1, 'alpha': 1.0, 'dynamic': False, 'candidate_num': 0}",
BPR,movielens_recbole,cuda,50,2048,2048,5029.85,80.84,49.18,0.2312,0.3454,0.0729,0.0794,0.1298,0.1449,0.2574509510259098,20711.822507274737,success,,5216.64,"{""embedding_size"": 32, ""epochs"": 50, ""learning_rate"": 0.001, ""train_neg_sample_args"": {""alpha"": 1.0, ""candidate_num"": 0, ""distribution"": ""uniform"", ""dynamic"": false, ""sample_num"": 1}}",2026-05-23T17:54:58,,,32.0,0.001,"{'distribution': 'uniform', 'sample_num': 1, 'alpha': 1.0, 'dynamic': False, 'candidate_num': 0}",
BPR,movielens_recbole,cuda,10,2048,2048,998.04,78.44,49.21,0.1969,0.2882,0.0619,0.0649,0.1104,0.1225,0.0622285457540811,41664.14464846599,success,,1184.13,"{""embedding_size"": 32, ""epochs"": 10, ""learning_rate"": 0.0005, ""train_neg_sample_args"": {""alpha"": 1.0, ""candidate_num"": 0, ""distribution"": ""uniform"", ""dynamic"": false, ""sample_num"": 1}}",2026-05-23T18:14:42,,,32.0,0.0005,"{'distribution': 'uniform', 'sample_num': 1, 'alpha': 1.0, 'dynamic': False, 'candidate_num': 0}",
BPR,movielens_recbole,cuda,20,2048,2048,1988.51,80.05,48.64,0.2192,0.3269,0.0699,0.075,0.1247,0.1389,0.1124382207578253,33591.30921562823,success,,2173.79,"{""embedding_size"": 32, ""epochs"": 20, ""learning_rate"": 0.0005, ""train_neg_sample_args"": {""alpha"": 1.0, ""candidate_num"": 0, ""distribution"": ""uniform"", ""dynamic"": false, ""sample_num"": 1}}",2026-05-23T18:50:56,,,32.0,0.0005,"{'distribution': 'uniform', 'sample_num': 1, 'alpha': 1.0, 'dynamic': False, 'candidate_num': 0}",
BPR,movielens_recbole,cuda,50,2048,2048,4958.98,80.63,48.66,0.2419,0.3561,0.0789,0.0849,0.1386,0.1537,0.1801332933952373,26191.896010628698,success,,5146.76,"{""embedding_size"": 32, ""epochs"": 50, ""learning_rate"": 0.0005, ""train_neg_sample_args"": {""alpha"": 1.0, ""candidate_num"": 0, ""distribution"": ""uniform"", ""dynamic"": false, ""sample_num"": 1}}",2026-05-23T20:16:43,,,32.0,0.0005,"{'distribution': 'uniform', 'sample_num': 1, 'alpha': 1.0, 'dynamic': False, 'candidate_num': 0}",
BPR,movielens_recbole,cuda,10,2048,2048,1007.05,79.55,49.01,0.1678,0.2485,0.0532,0.0562,0.0948,0.1056,0.014939344016774,46779.05052313113,success,,1191.99,"{""embedding_size"": 32, ""epochs"": 10, ""learning_rate"": 0.0001, ""train_neg_sample_args"": {""alpha"": 1.0, ""candidate_num"": 0, ""distribution"": ""uniform"", ""dynamic"": false, ""sample_num"": 1}}",2026-05-23T20:36:35,,,32.0,0.0001,"{'distribution': 'uniform', 'sample_num': 1, 'alpha': 1.0, 'dynamic': False, 'candidate_num': 0}",
BPR,movielens_recbole,cuda,20,2048,2048,1991.29,80.91,48.64,0.1714,0.2494,0.0542,0.0565,0.0965,0.1068,0.0220533173580949,46549.24422245168,success,,2179.37,"{""embedding_size"": 32, ""epochs"": 20, ""learning_rate"": 0.0001, ""train_neg_sample_args"": {""alpha"": 1.0, ""candidate_num"": 0, ""distribution"": ""uniform"", ""dynamic"": false, ""sample_num"": 1}}",2026-05-23T21:12:54,,,32.0,0.0001,"{'distribution': 'uniform', 'sample_num': 1, 'alpha': 1.0, 'dynamic': False, 'candidate_num': 0}",
BPR,movielens_recbole,cuda,50,2048,2048,4967.8,78.12,48.73,0.198,0.2919,0.0621,0.0658,0.1108,0.1232,0.0618541261045379,42062.27278418404,success,,5151.06,"{""embedding_size"": 32, ""epochs"": 50, ""learning_rate"": 0.0001, ""train_neg_sample_args"": {""alpha"": 1.0, ""candidate_num"": 0, ""distribution"": ""uniform"", ""dynamic"": false, ""sample_num"": 1}}",2026-05-23T22:38:45,,,32.0,0.0001,"{'distribution': 'uniform', 'sample_num': 1, 'alpha': 1.0, 'dynamic': False, 'candidate_num': 0}",
BPR,movielens_recbole,cuda,10,2048,2048,995.77,78.45,48.74,0.2265,0.3377,0.0711,0.0773,0.1261,0.1408,0.1465478508312116,28746.62199822373,success,,1181.57,"{""embedding_size"": 64, ""epochs"": 10, ""learning_rate"": 0.001, ""train_neg_sample_args"": {""alpha"": 1.0, ""candidate_num"": 0, ""distribution"": ""uniform"", ""dynamic"": false, ""sample_num"": 1}}",2026-05-23T22:58:27,,,64.0,0.001,"{'distribution': 'uniform', 'sample_num': 1, 'alpha': 1.0, 'dynamic': False, 'candidate_num': 0}",
BPR,movielens_recbole,cuda,20,2048,2048,1995.59,78.7,48.87,0.2318,0.3456,0.0728,0.0792,0.1294,0.1444,0.2048824322300434,23815.36591163452,success,,2179.57,"{""embedding_size"": 64, ""epochs"": 20, ""learning_rate"": 0.001, ""train_neg_sample_args"": {""alpha"": 1.0, ""candidate_num"": 0, ""distribution"": ""uniform"", ""dynamic"": false, ""sample_num"": 1}}",2026-05-23T23:34:46,,,64.0,0.001,"{'distribution': 'uniform', 'sample_num': 1, 'alpha': 1.0, 'dynamic': False, 'candidate_num': 0}",
BPR,movielens_recbole,cuda,50,2048,2048,4592.28,80.64,48.88,0.2242,0.3379,0.069,0.0757,0.1239,0.1389,0.2925340721881084,18278.13100806539,success,,4779.94,"{""embedding_size"": 64, ""epochs"": 50, ""learning_rate"": 0.001, ""train_neg_sample_args"": {""alpha"": 1.0, ""candidate_num"": 0, ""distribution"": ""uniform"", ""dynamic"": false, ""sample_num"": 1}}",2026-05-24T00:54:26,,,64.0,0.001,"{'distribution': 'uniform', 'sample_num': 1, 'alpha': 1.0, 'dynamic': False, 'candidate_num': 0}",
BPR,movielens_recbole,cuda,10,2048,2048,1004.32,78.69,49.04,0.2117,0.3122,0.0673,0.0716,0.1194,0.1327,0.0943163097199341,37262.56083123335,success,,1188.74,"{""embedding_size"": 64, ""epochs"": 10, ""learning_rate"": 0.0005, ""train_neg_sample_args"": {""alpha"": 1.0, ""candidate_num"": 0, ""distribution"": ""uniform"", ""dynamic"": false, ""sample_num"": 1}}",2026-05-24T01:14:15,,,64.0,0.0005,"{'distribution': 'uniform', 'sample_num': 1, 'alpha': 1.0, 'dynamic': False, 'candidate_num': 0}",
BPR,movielens_recbole,cuda,20,2048,2048,1994.68,79.99,48.81,0.2307,0.3407,0.0742,0.0795,0.1312,0.1457,0.1429534221955968,30252.498976121537,success,,2182.82,"{""embedding_size"": 64, ""epochs"": 20, ""learning_rate"": 0.0005, ""train_neg_sample_args"": {""alpha"": 1.0, ""candidate_num"": 0, ""distribution"": ""uniform"", ""dynamic"": false, ""sample_num"": 1}}",2026-05-24T01:50:38,,,64.0,0.0005,"{'distribution': 'uniform', 'sample_num': 1, 'alpha': 1.0, 'dynamic': False, 'candidate_num': 0}",
BPR,movielens_recbole,cuda,50,2048,2048,4502.08,80.03,48.55,0.2387,0.3527,0.0767,0.0832,0.1357,0.1508,0.2105361689381458,24053.1327489476,success,,4687.38,"{""embedding_size"": 64, ""epochs"": 50, ""learning_rate"": 0.0005, ""train_neg_sample_args"": {""alpha"": 1.0, ""candidate_num"": 0, ""distribution"": ""uniform"", ""dynamic"": false, ""sample_num"": 1}}",2026-05-24T03:08:45,,,64.0,0.0005,"{'distribution': 'uniform', 'sample_num': 1, 'alpha': 1.0, 'dynamic': False, 'candidate_num': 0}",
BPR,movielens_recbole,cuda,10,2048,2048,999.24,81.12,48.57,0.1727,0.2477,0.0534,0.0556,0.0948,0.1047,0.0158005092107233,46871.42945203007,success,,1188.06,"{""embedding_size"": 64, ""epochs"": 10, ""learning_rate"": 0.0001, ""train_neg_sample_args"": {""alpha"": 1.0, ""candidate_num"": 0, ""distribution"": ""uniform"", ""dynamic"": false, ""sample_num"": 1}}",2026-05-24T03:28:33,,,64.0,0.0001,"{'distribution': 'uniform', 'sample_num': 1, 'alpha': 1.0, 'dynamic': False, 'candidate_num': 0}",
BPR,movielens_recbole,cuda,20,2048,2048,1992.79,80.12,48.55,0.1793,0.2645,0.0567,0.0598,0.1009,0.1122,0.0327242773700763,45354.20770941491,success,,2178.47,"{""embedding_size"": 64, ""epochs"": 20, ""learning_rate"": 0.0001, ""train_neg_sample_args"": {""alpha"": 1.0, ""candidate_num"": 0, ""distribution"": ""uniform"", ""dynamic"": false, ""sample_num"": 1}}",2026-05-24T04:04:52,,,64.0,0.0001,"{'distribution': 'uniform', 'sample_num': 1, 'alpha': 1.0, 'dynamic': False, 'candidate_num': 0}",
BPR,movielens_recbole,cuda,50,2048,2048,5001.89,80.55,48.68,0.2121,0.314,0.0684,0.0728,0.122,0.1355,0.0900479257151415,38442.43567400518,success,,5189.69,"{""embedding_size"": 64, ""epochs"": 50, ""learning_rate"": 0.0001, ""train_neg_sample_args"": {""alpha"": 1.0, ""candidate_num"": 0, ""distribution"": ""uniform"", ""dynamic"": false, ""sample_num"": 1}}",2026-05-24T05:31:21,,,64.0,0.0001,"{'distribution': 'uniform', 'sample_num': 1, 'alpha': 1.0, 'dynamic': False, 'candidate_num': 0}",
BPR,movielens_recbole,cuda,10,2048,2048,1008.42,81.73,48.74,0.225,0.3378,0.0702,0.0768,0.1246,0.1395,0.1782611951475213,27988.134495606275,success,,1195.96,"{""embedding_size"": 128, ""epochs"": 10, ""learning_rate"": 0.001, ""train_neg_sample_args"": {""alpha"": 1.0, ""candidate_num"": 0, ""distribution"": ""uniform"", ""dynamic"": false, ""sample_num"": 1}}",2026-05-24T05:51:17,,,128.0,0.001,"{'distribution': 'uniform', 'sample_num': 1, 'alpha': 1.0, 'dynamic': False, 'candidate_num': 0}",
BPR,movielens_recbole,cuda,20,2048,2048,2005.55,79.43,48.85,0.2271,0.3423,0.0704,0.0771,0.1262,0.1413,0.241837651639958,22915.03065425689,success,,2193.08,"{""embedding_size"": 128, ""epochs"": 20, ""learning_rate"": 0.001, ""train_neg_sample_args"": {""alpha"": 1.0, ""candidate_num"": 0, ""distribution"": ""uniform"", ""dynamic"": false, ""sample_num"": 1}}",2026-05-24T06:27:51,,,128.0,0.001,"{'distribution': 'uniform', 'sample_num': 1, 'alpha': 1.0, 'dynamic': False, 'candidate_num': 0}",
BPR,movielens_recbole,cuda,50,2048,2048,3326.48,80.57,48.74,0.2224,0.3372,0.0678,0.0745,0.123,0.1382,0.2901752283959862,19177.76180095745,success,,3512.55,"{""embedding_size"": 128, ""epochs"": 50, ""learning_rate"": 0.001, ""train_neg_sample_args"": {""alpha"": 1.0, ""candidate_num"": 0, ""distribution"": ""uniform"", ""dynamic"": false, ""sample_num"": 1}}",2026-05-24T07:26:23,,,128.0,0.001,"{'distribution': 'uniform', 'sample_num': 1, 'alpha': 1.0, 'dynamic': False, 'candidate_num': 0}",
BPR,movielens_recbole,cuda,10,2048,2048,1004.15,79.84,48.73,0.2219,0.3266,0.0709,0.0758,0.1255,0.1393,0.1174554440617043,33264.65757908342,success,,1192.22,"{""embedding_size"": 128, ""epochs"": 10, ""learning_rate"": 0.0005, ""train_neg_sample_args"": {""alpha"": 1.0, ""candidate_num"": 0, ""distribution"": ""uniform"", ""dynamic"": false, ""sample_num"": 1}}",2026-05-24T07:46:15,,,128.0,0.0005,"{'distribution': 'uniform', 'sample_num': 1, 'alpha': 1.0, 'dynamic': False, 'candidate_num': 0}",
BPR,movielens_recbole,cuda,20,2048,2048,2013.27,81.1,48.74,0.2359,0.3504,0.0758,0.0824,0.1334,0.1485,0.1711472218062004,26238.99207902205,success,,2199.82,"{""embedding_size"": 128, ""epochs"": 20, ""learning_rate"": 0.0005, ""train_neg_sample_args"": {""alpha"": 1.0, ""candidate_num"": 0, ""distribution"": ""uniform"", ""dynamic"": false, ""sample_num"": 1}}",2026-05-24T08:22:55,,,128.0,0.0005,"{'distribution': 'uniform', 'sample_num': 1, 'alpha': 1.0, 'dynamic': False, 'candidate_num': 0}",
BPR,movielens_recbole,cuda,50,2048,2048,4335.39,82.43,48.45,0.2346,0.3486,0.0746,0.0812,0.1325,0.1476,0.2426988168339074,21377.27349685544,success,,4525.7,"{""embedding_size"": 128, ""epochs"": 50, ""learning_rate"": 0.0005, ""train_neg_sample_args"": {""alpha"": 1.0, ""candidate_num"": 0, ""distribution"": ""uniform"", ""dynamic"": false, ""sample_num"": 1}}",2026-05-24T09:38:21,,,128.0,0.0005,"{'distribution': 'uniform', 'sample_num': 1, 'alpha': 1.0, 'dynamic': False, 'candidate_num': 0}",
BPR,movielens_recbole,cuda,10,2048,2048,1000.9,80.1,48.83,0.1805,0.2661,0.0566,0.0602,0.1004,0.1118,0.0263217013628875,45978.76345447062,success,,1187.52,"{""embedding_size"": 128, ""epochs"": 10, ""learning_rate"": 0.0001, ""train_neg_sample_args"": {""alpha"": 1.0, ""candidate_num"": 0, ""distribution"": ""uniform"", ""dynamic"": false, ""sample_num"": 1}}",2026-05-24T09:58:08,,,128.0,0.0001,"{'distribution': 'uniform', 'sample_num': 1, 'alpha': 1.0, 'dynamic': False, 'candidate_num': 0}",
BPR,movielens_recbole,cuda,20,2048,2048,2018.34,78.84,49.15,0.1972,0.2916,0.0623,0.0662,0.1107,0.1231,0.0551894563426688,42406.25922176572,success,,2205.2,"{""embedding_size"": 128, ""epochs"": 20, ""learning_rate"": 0.0001, ""train_neg_sample_args"": {""alpha"": 1.0, ""candidate_num"": 0, ""distribution"": ""uniform"", ""dynamic"": false, ""sample_num"": 1}}",2026-05-24T10:34:54,,,128.0,0.0001,"{'distribution': 'uniform', 'sample_num': 1, 'alpha': 1.0, 'dynamic': False, 'candidate_num': 0}",
BPR,movielens_recbole,cuda,50,2048,2048,5029.94,81.83,48.77,0.229,0.3333,0.0745,0.0791,0.1316,0.1454,0.1180545155009735,34184.9908356379,success,,5217.65,"{""embedding_size"": 128, ""epochs"": 50, ""learning_rate"": 0.0001, ""train_neg_sample_args"": {""alpha"": 1.0, ""candidate_num"": 0, ""distribution"": ""uniform"", ""dynamic"": false, ""sample_num"": 1}}",2026-05-24T12:01:51,,,128.0,0.0001,"{'distribution': 'uniform', 'sample_num': 1, 'alpha': 1.0, 'dynamic': False, 'candidate_num': 0}",
MostPop,amazon_recbole,cuda,1,2048,2048,198.9,1164.09,273.52,0.0159,0.0236,0.01,0.0124,0.0081,0.0091,0.0001549040025473,3421.4669257370565,success,,1662.26,{},2026-05-24T12:29:34,,,,,,
RecentPop,amazon_recbole,cuda,1,2048,2048,196.78,1153.26,259.44,0.0009,0.002,0.0004,0.0008,0.0003,0.0004,0.0001376924467087,241.4597611142108,success,,1640.1,"{""window_days"": 1}",2026-05-24T12:56:54,1.0,,,,,
RecentPop,amazon_recbole,cuda,1,2048,2048,200.04,1162.14,259.53,0.0001,0.001,0.0,0.0003,0.0,0.0001,0.0001032693350315,160.39500262061665,success,,1652.7,"{""window_days"": 3}",2026-05-24T13:24:26,3.0,,,,,
RecentPop,amazon_recbole,cuda,1,2048,2048,198.17,1158.5,260.28,0.0007,0.0023,0.0003,0.0009,0.0002,0.0005,0.0001032693350315,223.6069220694938,success,,1645.86,"{""window_days"": 7}",2026-05-24T13:51:52,7.0,,,,,
RecentPop,amazon_recbole,cuda,1,2048,2048,200.25,1179.51,261.94,0.0009,0.0012,0.0004,0.0005,0.0003,0.0003,0.0001032693350315,67.7103031201595,success,,1670.59,"{""window_days"": 14}",2026-05-24T14:19:43,14.0,,,,,
RecentPop,amazon_recbole,cuda,1,2048,2048,203.39,1171.49,261.69,0.0023,0.0046,0.0012,0.002,0.0009,0.0012,0.0001118751129508,272.7064000270516,success,,1666.36,"{""window_days"": 30}",2026-05-24T14:47:29,30.0,,,,,
RecentPop,amazon_recbole,cuda,1,2048,2048,201.63,1157.07,261.73,0.0032,0.008,0.0015,0.003,0.0009,0.0016,0.0001118751129508,431.6734030170256,success,,1649.89,"{""window_days"": 60}",2026-05-24T15:14:59,60.0,,,,,
RecentPop,amazon_recbole,cuda,1,2048,2048,198.2,1157.01,262.37,0.0064,0.0092,0.0033,0.0041,0.0023,0.0026,0.0001204808908701,509.2701076728794,success,,1648.05,"{""window_days"": 90}",2026-05-24T15:42:27,90.0,,,,,
DecayPop,amazon_recbole,cuda,1,2048,2048,196.76,1164.74,263.47,0.0159,0.0248,0.0104,0.0132,0.0086,0.0097,0.000146298224628,2532.347055870506,success,,1670.52,"{""decay_lambda"": 1e-08}",2026-05-24T16:10:18,,1e-08,,,,
DecayPop,amazon_recbole,cuda,1,2048,2048,198.91,1172.45,260.42,0.0072,0.0135,0.0043,0.0062,0.0034,0.0041,0.0001204808908701,755.93835048114,success,,1669.6,"{""decay_lambda"": 5e-08}",2026-05-24T16:38:07,,5e-08,,,,
DecayPop,amazon_recbole,cuda,1,2048,2048,198.9,1154.25,260.08,0.0064,0.01,0.0034,0.0046,0.0025,0.003,0.0001204808908701,504.6652019825648,success,,1659.42,"{""decay_lambda"": 1e-07}",2026-05-24T17:05:47,,1e-07,,,,
DecayPop,amazon_recbole,cuda,1,2048,2048,192.21,1120.88,261.87,0.0035,0.0058,0.0016,0.0024,0.001,0.0013,0.0001118751129508,321.5821134785532,success,,1618.93,"{""decay_lambda"": 5e-07}",2026-05-24T17:32:46,,5e-07,,,,
DecayPop,amazon_recbole,cuda,1,2048,2048,194.18,1122.08,260.96,0.0008,0.0011,0.0005,0.0006,0.0005,0.0005,0.0001032693350315,65.58842493786602,success,,1613.31,"{""decay_lambda"": 1e-06}",2026-05-24T17:59:39,,1e-06,,,,
BPR,amazon_recbole,cuda,10,2048,2048,2037.39,1149.46,268.31,0.0253,0.0368,0.0177,0.0214,0.0153,0.0168,0.0446811989569797,2375.256259762285,success,,3480.35,"{""embedding_size"": 32, ""epochs"": 10, ""learning_rate"": 0.001, ""train_neg_sample_args"": {""alpha"": 1.0, ""candidate_num"": 0, ""distribution"": ""uniform"", ""dynamic"": false, ""sample_num"": 1}}",2026-05-24T18:57:39,,,32.0,0.001,"{'distribution': 'uniform', 'sample_num': 1, 'alpha': 1.0, 'dynamic': False, 'candidate_num': 0}",
BPR,amazon_recbole,cuda,20,2048,2048,4090.34,1161.25,267.59,0.0324,0.0462,0.0235,0.0279,0.0207,0.0225,0.0893451863581208,2027.403657938648,success,,5544.39,"{""embedding_size"": 32, ""epochs"": 20, ""learning_rate"": 0.001, ""train_neg_sample_args"": {""alpha"": 1.0, ""candidate_num"": 0, ""distribution"": ""uniform"", ""dynamic"": false, ""sample_num"": 1}}",2026-05-24T20:30:04,,,32.0,0.001,"{'distribution': 'uniform', 'sample_num': 1, 'alpha': 1.0, 'dynamic': False, 'candidate_num': 0}",
BPR,amazon_recbole,cuda,50,2048,2048,10271.51,1165.39,268.27,0.04,0.053,0.0307,0.0348,0.0277,0.0294,0.2386726448137279,1315.919763091053,success,,11729.93,"{""embedding_size"": 32, ""epochs"": 50, ""learning_rate"": 0.001, ""train_neg_sample_args"": {""alpha"": 1.0, ""candidate_num"": 0, ""distribution"": ""uniform"", ""dynamic"": false, ""sample_num"": 1}}",2026-05-24T23:45:34,,,32.0,0.001,"{'distribution': 'uniform', 'sample_num': 1, 'alpha': 1.0, 'dynamic': False, 'candidate_num': 0}",
BPR,amazon_recbole,cuda,10,2048,2048,2066.27,1168.25,268.19,0.0217,0.033,0.0152,0.0187,0.0131,0.0146,0.0252579581931308,2535.815409485982,success,,3527.26,"{""embedding_size"": 32, ""epochs"": 10, ""learning_rate"": 0.0005, ""train_neg_sample_args"": {""alpha"": 1.0, ""candidate_num"": 0, ""distribution"": ""uniform"", ""dynamic"": false, ""sample_num"": 1}}",2026-05-25T00:44:21,,,32.0,0.0005,"{'distribution': 'uniform', 'sample_num': 1, 'alpha': 1.0, 'dynamic': False, 'candidate_num': 0}",
BPR,amazon_recbole,cuda,20,2048,2048,4131.21,1175.79,269.03,0.0224,0.0335,0.0157,0.0193,0.0136,0.0151,0.0351976316899166,2599.06823630549,success,,5600.62,"{""embedding_size"": 32, ""epochs"": 20, ""learning_rate"": 0.0005, ""train_neg_sample_args"": {""alpha"": 1.0, ""candidate_num"": 0, ""distribution"": ""uniform"", ""dynamic"": false, ""sample_num"": 1}}",2026-05-25T02:17:42,,,32.0,0.0005,"{'distribution': 'uniform', 'sample_num': 1, 'alpha': 1.0, 'dynamic': False, 'candidate_num': 0}",
BPR,amazon_recbole,cuda,50,2048,2048,10332.69,1186.06,269.22,0.0332,0.0467,0.0242,0.0285,0.0213,0.0231,0.1024087572396106,1625.1272544131054,success,,11812.86,"{""embedding_size"": 32, ""epochs"": 50, ""learning_rate"": 0.0005, ""train_neg_sample_args"": {""alpha"": 1.0, ""candidate_num"": 0, ""distribution"": ""uniform"", ""dynamic"": false, ""sample_num"": 1}}",2026-05-25T05:34:34,,,32.0,0.0005,"{'distribution': 'uniform', 'sample_num': 1, 'alpha': 1.0, 'dynamic': False, 'candidate_num': 0}",
BPR,amazon_recbole,cuda,10,2048,2048,2077.08,1181.94,269.73,0.0203,0.0293,0.0148,0.0177,0.0131,0.0143,0.0188552594211753,2054.483230654582,success,,3553.87,"{""embedding_size"": 32, ""epochs"": 10, ""learning_rate"": 0.0001, ""train_neg_sample_args"": {""alpha"": 1.0, ""candidate_num"": 0, ""distribution"": ""uniform"", ""dynamic"": false, ""sample_num"": 1}}",2026-05-25T06:33:48,,,32.0,0.0001,"{'distribution': 'uniform', 'sample_num': 1, 'alpha': 1.0, 'dynamic': False, 'candidate_num': 0}",
BPR,amazon_recbole,cuda,20,2048,2048,3325.01,1188.87,268.6,0.0239,0.0335,0.0179,0.0209,0.016,0.0172,0.0170566518360427,1879.2161316837105,success,,4807.25,"{""embedding_size"": 32, ""epochs"": 20, ""learning_rate"": 0.0001, ""train_neg_sample_args"": {""alpha"": 1.0, ""candidate_num"": 0, ""distribution"": ""uniform"", ""dynamic"": false, ""sample_num"": 1}}",,,,32.0,0.0001,"{'distribution': 'uniform', 'sample_num': 1, 'alpha': 1.0, 'dynamic': False, 'candidate_num': 0}",
MostPop,movielens_recbole,cuda,1,2048,2048,101.67,78.86,49.17,0.1697,0.2479,0.053,0.0555,0.0958,0.1062,0.0138717517292951,47378.196128324176,success,,284.62,{},,,,,,,movielens_recbole::MostPop::{}
RecentPop,movielens_recbole,cuda,1,2048,2048,99.92,75.73,46.88,0.0992,0.1654,0.0311,0.033,0.0632,0.0713,0.0046363806318938,22417.96170708989,success,,335.95,"{""window_days"": 1}",,1.0,,,,,"movielens_recbole::RecentPop::{""window_days"": 1}"
RecentPop,movielens_recbole,cuda,1,2048,2048,98.05,75.04,46.85,0.1148,0.1952,0.0345,0.0389,0.0665,0.0771,0.0056459151243223,29676.872142996395,success,,330.6,"{""window_days"": 3}",,3.0,,,,,"movielens_recbole::RecentPop::{""window_days"": 3}"
RecentPop,movielens_recbole,cuda,1,2048,2048,99.9,76.9,46.92,0.1067,0.1938,0.0307,0.0366,0.0588,0.0699,0.0052346232940736,29067.24589112807,success,,338.47,"{""window_days"": 7}",,7.0,,,,,"movielens_recbole::RecentPop::{""window_days"": 7}"
RecentPop,movielens_recbole,cuda,1,2048,2048,100.47,78.42,46.86,0.1176,0.1966,0.0337,0.0378,0.063,0.0732,0.0050102822957562,31451.84719949745,success,,341.27,"{""window_days"": 14}",,14.0,,,,,"movielens_recbole::RecentPop::{""window_days"": 14}"
RecentPop,movielens_recbole,cuda,1,2048,2048,97.98,76.6,46.85,0.1203,0.1997,0.0355,0.0395,0.0674,0.0776,0.0051598429613011,31515.006039294403,success,,339.24,"{""window_days"": 30}",,30.0,,,,,"movielens_recbole::RecentPop::{""window_days"": 30}"
RecentPop,movielens_recbole,cuda,1,2048,2048,99.66,75.93,46.82,0.1189,0.1976,0.0345,0.0385,0.0628,0.0727,0.0053094036268461,31716.617111334148,success,,331.26,"{""window_days"": 60}",,60.0,,,,,"movielens_recbole::RecentPop::{""window_days"": 60}"
RecentPop,movielens_recbole,cuda,1,2048,2048,97.05,75.72,47.24,0.1195,0.2002,0.0347,0.0391,0.0632,0.0735,0.0058702561226397,31999.82919208913,success,,339.31,"{""window_days"": 90}",,90.0,,,,,"movielens_recbole::RecentPop::{""window_days"": 90}"
RecentPop,movielens_recbole,cuda,1,2048,2048,97.84,75.43,47.23,0.1236,0.2102,0.0363,0.0413,0.066,0.077,0.0063937184520471,32683.145675232685,success,,333.72,"{""window_days"": 180}",,180.0,,,,,"movielens_recbole::RecentPop::{""window_days"": 180}"
DecayPop,movielens_recbole,cuda,1,2048,2048,98.74,78.58,47.38,0.1734,0.251,0.0535,0.0558,0.0962,0.1065,0.0134230697326603,47055.27381239485,success,,423.75,"{""decay_lambda"": 1e-09}",,,1e-09,,,,"movielens_recbole::DecayPop::{""decay_lambda"": 1e-09}"
DecayPop,movielens_recbole,cuda,1,2048,2048,98.95,76.56,46.99,0.1652,0.2446,0.0502,0.0528,0.0927,0.103,0.0115909515797345,41737.97247008874,success,,494.55,"{""decay_lambda"": 5e-09}",,,5e-09,,,,"movielens_recbole::DecayPop::{""decay_lambda"": 5e-09}"
DecayPop,movielens_recbole,cuda,1,2048,2048,97.77,75.39,47.18,0.1413,0.2274,0.0427,0.0473,0.0801,0.0913,0.0095344924284913,36621.50977016889,success,,417.4,"{""decay_lambda"": 1e-08}",,,1e-08,,,,"movielens_recbole::DecayPop::{""decay_lambda"": 1e-08}"
DecayPop,movielens_recbole,cuda,1,2048,2048,99.27,76.13,47.13,0.126,0.2139,0.0375,0.043,0.0692,0.0804,0.0063189381192746,33384.42744976281,success,,492.99,"{""decay_lambda"": 5e-08}",,,5e-08,,,,"movielens_recbole::DecayPop::{""decay_lambda"": 5e-08}"
DecayPop,movielens_recbole,cuda,1,2048,2048,99.56,75.13,46.87,0.1224,0.2092,0.0367,0.0417,0.068,0.079,0.0060945971209571,32627.12408208357,success,,418.47,"{""decay_lambda"": 1e-07}",,,1e-07,,,,"movielens_recbole::DecayPop::{""decay_lambda"": 1e-07}"
DecayPop,movielens_recbole,cuda,1,2048,2048,98.99,76.49,47.02,0.1183,0.198,0.0344,0.0386,0.0633,0.0734,0.0052346232940736,31473.026384727025,success,,494.53,"{""decay_lambda"": 5e-07}",,,5e-07,,,,"movielens_recbole::DecayPop::{""decay_lambda"": 5e-07}"
DecayPop,movielens_recbole,cuda,1,2048,2048,98.35,75.51,47.45,0.1183,0.1965,0.0341,0.038,0.0631,0.073,0.0052720134604598,30750.968012823752,success,,418.03,"{""decay_lambda"": 1e-06}",,,1e-06,,,,"movielens_recbole::DecayPop::{""decay_lambda"": 1e-06}"
BPR,movielens_recbole,cuda,50,2048,2048,4958.2,79.48,48.69,0.236,0.3526,0.0736,0.08,0.1321,0.1475,0.2553374462516358,20827.821333930235,success,,5138.17,"{""embedding_size"": 32, ""epochs"": 50, ""learning_rate"": 0.001, ""train_neg_sample_args"": {""alpha"": 1.0, ""candidate_num"": 0, ""distribution"": ""uniform"", ""dynamic"": false, ""sample_num"": 1}}",,,,32.0,0.001,"{'distribution': 'uniform', 'sample_num': 1, 'alpha': 1.0, 'dynamic': False, 'candidate_num': 0}","movielens_recbole::BPR::{""embedding_size"": 32, ""epochs"": 50, ""learning_rate"": 0.001, ""train_neg_sample_args"": {""alpha"": 1.0, ""candidate_num"": 0, ""distribution"": ""uniform"", ""dynamic"": false, ""sample_num"": 1}}"
BPR,movielens_recbole,cuda,50,2048,2048,4951.15,78.57,48.62,0.2422,0.3546,0.0786,0.084,0.1398,0.1546,0.1837352776219854,26288.177535326697,success,,5134.07,"{""embedding_size"": 32, ""epochs"": 50, ""learning_rate"": 0.0005, ""train_neg_sample_args"": {""alpha"": 1.0, ""candidate_num"": 0, ""distribution"": ""uniform"", ""dynamic"": false, ""sample_num"": 1}}",,,,32.0,0.0005,"{'distribution': 'uniform', 'sample_num': 1, 'alpha': 1.0, 'dynamic': False, 'candidate_num': 0}","movielens_recbole::BPR::{""embedding_size"": 32, ""epochs"": 50, ""learning_rate"": 0.0005, ""train_neg_sample_args"": {""alpha"": 1.0, ""candidate_num"": 0, ""distribution"": ""uniform"", ""dynamic"": false, ""sample_num"": 1}}"
BPR,movielens_recbole,cuda,50,2048,2048,4966.03,80.96,48.54,0.2017,0.2962,0.0633,0.0663,0.1138,0.1262,0.0624041876986352,41986.60610716787,success,,5149.69,"{""embedding_size"": 32, ""epochs"": 50, ""learning_rate"": 0.0001, ""train_neg_sample_args"": {""alpha"": 1.0, ""candidate_num"": 0, ""distribution"": ""uniform"", ""dynamic"": false, ""sample_num"": 1}}",,,,32.0,0.0001,"{'distribution': 'uniform', 'sample_num': 1, 'alpha': 1.0, 'dynamic': False, 'candidate_num': 0}","movielens_recbole::BPR::{""embedding_size"": 32, ""epochs"": 50, ""learning_rate"": 0.0001, ""train_neg_sample_args"": {""alpha"": 1.0, ""candidate_num"": 0, ""distribution"": ""uniform"", ""dynamic"": false, ""sample_num"": 1}}"
BPR,movielens_recbole,cuda,50,2048,2048,3383.27,80.11,48.62,0.233,0.3467,0.0724,0.0784,0.1304,0.1454,0.2636006730229949,21402.68047338133,success,,3568.53,"{""embedding_size"": 64, ""epochs"": 50, ""learning_rate"": 0.001, ""train_neg_sample_args"": {""alpha"": 1.0, ""candidate_num"": 0, ""distribution"": ""uniform"", ""dynamic"": false, ""sample_num"": 1}}",,,,64.0,0.001,"{'distribution': 'uniform', 'sample_num': 1, 'alpha': 1.0, 'dynamic': False, 'candidate_num': 0}","movielens_recbole::BPR::{""embedding_size"": 64, ""epochs"": 50, ""learning_rate"": 0.001, ""train_neg_sample_args"": {""alpha"": 1.0, ""candidate_num"": 0, ""distribution"": ""uniform"", ""dynamic"": false, ""sample_num"": 1}}"
BPR,movielens_recbole,cuda,50,2048,2048,4291.29,79.35,49.01,0.2428,0.355,0.078,0.0838,0.1388,0.1536,0.2047111609646663,24464.5097355101,success,,4474.11,"{""embedding_size"": 64, ""epochs"": 50, ""learning_rate"": 0.0005, ""train_neg_sample_args"": {""alpha"": 1.0, ""candidate_num"": 0, ""distribution"": ""uniform"", ""dynamic"": false, ""sample_num"": 1}}",,,,64.0,0.0005,"{'distribution': 'uniform', 'sample_num': 1, 'alpha': 1.0, 'dynamic': False, 'candidate_num': 0}","movielens_recbole::BPR::{""embedding_size"": 64, ""epochs"": 50, ""learning_rate"": 0.0005, ""train_neg_sample_args"": {""alpha"": 1.0, ""candidate_num"": 0, ""distribution"": ""uniform"", ""dynamic"": false, ""sample_num"": 1}}"
BPR,movielens_recbole,cuda,50,2048,2048,4967.76,80.96,48.78,0.2185,0.3176,0.07,0.0736,0.1247,0.1378,0.0927276126378762,38002.20779750601,success,,5152.03,"{""embedding_size"": 64, ""epochs"": 50, ""learning_rate"": 0.0001, ""train_neg_sample_args"": {""alpha"": 1.0, ""candidate_num"": 0, ""distribution"": ""uniform"", ""dynamic"": false, ""sample_num"": 1}}",,,,64.0,0.0001,"{'distribution': 'uniform', 'sample_num': 1, 'alpha': 1.0, 'dynamic': False, 'candidate_num': 0}","movielens_recbole::BPR::{""embedding_size"": 64, ""epochs"": 50, ""learning_rate"": 0.0001, ""train_neg_sample_args"": {""alpha"": 1.0, ""candidate_num"": 0, ""distribution"": ""uniform"", ""dynamic"": false, ""sample_num"": 1}}"
BPR,movielens_recbole,cuda,50,2048,2048,3019.6,81.67,48.53,0.2293,0.3438,0.0702,0.0765,0.1279,0.143,0.2828566087119087,20822.8607871878,success,,3205.3,"{""embedding_size"": 128, ""epochs"": 50, ""learning_rate"": 0.001, ""train_neg_sample_args"": {""alpha"": 1.0, ""candidate_num"": 0, ""distribution"": ""uniform"", ""dynamic"": false, ""sample_num"": 1}}",,,,128.0,0.001,"{'distribution': 'uniform', 'sample_num': 1, 'alpha': 1.0, 'dynamic': False, 'candidate_num': 0}","movielens_recbole::BPR::{""embedding_size"": 128, ""epochs"": 50, ""learning_rate"": 0.001, ""train_neg_sample_args"": {""alpha"": 1.0, ""candidate_num"": 0, ""distribution"": ""uniform"", ""dynamic"": false, ""sample_num"": 1}}"
BPR,movielens_recbole,cuda,50,2048,2048,3990.88,88.33,49.69,0.2392,0.352,0.0763,0.0823,0.136,0.1509,0.2308094971022621,23616.16068609965,success,,4184.29,"{""embedding_size"": 128, ""epochs"": 50, ""learning_rate"": 0.0005, ""train_neg_sample_args"": {""alpha"": 1.0, ""candidate_num"": 0, ""distribution"": ""uniform"", ""dynamic"": false, ""sample_num"": 1}}",,,,128.0,0.0005,"{'distribution': 'uniform', 'sample_num': 1, 'alpha': 1.0, 'dynamic': False, 'candidate_num': 0}","movielens_recbole::BPR::{""embedding_size"": 128, ""epochs"": 50, ""learning_rate"": 0.0005, ""train_neg_sample_args"": {""alpha"": 1.0, ""candidate_num"": 0, ""distribution"": ""uniform"", ""dynamic"": false, ""sample_num"": 1}}"
BPR,movielens_recbole,cuda,50,2048,2048,5369.1,80.87,49.1,0.2323,0.3357,0.0752,0.0793,0.1336,0.1472,0.1156103944662553,34879.37142599265,success,,5556.69,"{""embedding_size"": 128, ""epochs"": 50, ""learning_rate"": 0.0001, ""train_neg_sample_args"": {""alpha"": 1.0, ""candidate_num"": 0, ""distribution"": ""uniform"", ""dynamic"": false, ""sample_num"": 1}}",,,,128.0,0.0001,"{'distribution': 'uniform', 'sample_num': 1, 'alpha': 1.0, 'dynamic': False, 'candidate_num': 0}","movielens_recbole::BPR::{""embedding_size"": 128, ""epochs"": 50, ""learning_rate"": 0.0001, ""train_neg_sample_args"": {""alpha"": 1.0, ""candidate_num"": 0, ""distribution"": ""uniform"", ""dynamic"": false, ""sample_num"": 1}}"
MostPop,amazon_recbole,cuda,1,2048,2048,202.91,1160.37,273.1,0.0159,0.0236,0.01,0.0124,0.0081,0.0091,0.0001549040025473,3421.4669257370565,success,,1663.41,{},,,,,,,amazon_recbole::MostPop::{}
RecentPop,amazon_recbole,cuda,1,2048,2048,210.46,1178.45,260.63,0.0009,0.002,0.0004,0.0008,0.0003,0.0004,0.0001376924467087,241.4597611142108,success,,1681.8,"{""window_days"": 1}",,1.0,,,,,"amazon_recbole::RecentPop::{""window_days"": 1}"
RecentPop,amazon_recbole,cuda,1,2048,2048,209.97,1163.07,262.0,0.0001,0.001,0.0,0.0003,0.0,0.0001,0.0001032693350315,160.39500262061665,success,,1663.68,"{""window_days"": 3}",,3.0,,,,,"amazon_recbole::RecentPop::{""window_days"": 3}"
RecentPop,amazon_recbole,cuda,1,2048,2048,200.59,1162.62,260.19,0.0007,0.0023,0.0003,0.0009,0.0002,0.0005,0.0001032693350315,223.6069220694938,success,,1652.37,"{""window_days"": 7}",,7.0,,,,,"amazon_recbole::RecentPop::{""window_days"": 7}"
RecentPop,amazon_recbole,cuda,1,2048,2048,213.54,1184.01,260.03,0.0009,0.0012,0.0004,0.0005,0.0003,0.0003,0.0001032693350315,67.7103031201595,success,,1687.3,"{""window_days"": 14}",,14.0,,,,,"amazon_recbole::RecentPop::{""window_days"": 14}"
RecentPop,amazon_recbole,cuda,1,2048,2048,208.11,1169.18,260.23,0.0023,0.0046,0.0012,0.002,0.0009,0.0012,0.0001118751129508,272.7064000270516,success,,1667.55,"{""window_days"": 30}",,30.0,,,,,"amazon_recbole::RecentPop::{""window_days"": 30}"
RecentPop,amazon_recbole,cuda,1,2048,2048,220.23,1191.95,259.73,0.0032,0.008,0.0015,0.003,0.0009,0.0016,0.0001118751129508,431.6734030170256,success,,1702.96,"{""window_days"": 60}",,60.0,,,,,"amazon_recbole::RecentPop::{""window_days"": 60}"
RecentPop,amazon_recbole,cuda,1,2048,2048,204.13,1170.59,260.2,0.0064,0.0092,0.0033,0.0041,0.0023,0.0026,0.0001204808908701,509.2701076728794,success,,1663.24,"{""window_days"": 90}",,90.0,,,,,"amazon_recbole::RecentPop::{""window_days"": 90}"
RecentPop,amazon_recbole,cuda,1,2048,2048,244.54,1196.88,260.33,0.0059,0.0131,0.0033,0.0055,0.0025,0.0034,0.0001204808908701,818.4639594331145,success,,1730.85,"{""window_days"": 180}",,180.0,,,,,"amazon_recbole::RecentPop::{""window_days"": 180}"
DecayPop,amazon_recbole,cuda,1,2048,2048,244.52,1196.48,260.46,0.0159,0.0254,0.0104,0.0134,0.0086,0.0098,0.0001549040025473,3413.448762067517,success,,1738.19,"{""decay_lambda"": 1e-09}",,,1e-09,,,,"amazon_recbole::DecayPop::{""decay_lambda"": 1e-09}"
DecayPop,amazon_recbole,cuda,1,2048,2048,208.93,1162.02,261.4,0.0163,0.026,0.0105,0.0136,0.0087,0.01,0.0001549040025473,3197.8703986068463,success,,1670.23,"{""decay_lambda"": 5e-09}",,,5e-09,,,,"amazon_recbole::DecayPop::{""decay_lambda"": 5e-09}"
DecayPop,amazon_recbole,cuda,1,2048,2048,201.15,1141.47,262.26,0.0159,0.0248,0.0104,0.0132,0.0086,0.0097,0.000146298224628,2532.347055870506,success,,1641.1,"{""decay_lambda"": 1e-08}",,,1e-08,,,,"amazon_recbole::DecayPop::{""decay_lambda"": 1e-08}"
DecayPop,amazon_recbole,cuda,1,2048,2048,206.45,1161.63,260.39,0.0072,0.0135,0.0043,0.0062,0.0034,0.0041,0.0001204808908701,755.93835048114,success,,1665.31,"{""decay_lambda"": 5e-08}",,,5e-08,,,,"amazon_recbole::DecayPop::{""decay_lambda"": 5e-08}"
DecayPop,amazon_recbole,cuda,1,2048,2048,239.17,1209.39,259.76,0.0064,0.01,0.0034,0.0046,0.0025,0.003,0.0001204808908701,504.6652019825648,success,,1745.39,"{""decay_lambda"": 1e-07}",,,1e-07,,,,"amazon_recbole::DecayPop::{""decay_lambda"": 1e-07}"
DecayPop,amazon_recbole,cuda,1,2048,2048,225.52,1176.3,260.23,0.0035,0.0058,0.0016,0.0024,0.001,0.0013,0.0001118751129508,321.5821134785532,success,,1700.2,"{""decay_lambda"": 5e-07}",,,5e-07,,,,"amazon_recbole::DecayPop::{""decay_lambda"": 5e-07}"
DecayPop,amazon_recbole,cuda,1,2048,2048,225.53,1192.31,259.06,0.0008,0.0011,0.0005,0.0006,0.0005,0.0005,0.0001032693350315,65.58842493786602,success,,1713.77,"{""decay_lambda"": 1e-06}",,,1e-06,,,,"amazon_recbole::DecayPop::{""decay_lambda"": 1e-06}"
BPR,amazon_recbole,cuda,50,2048,2048,12695.24,1263.05,268.59,0.0397,0.0533,0.0304,0.0348,0.0274,0.0292,0.2421407733152038,1319.8219657095888,success,,14252.72,"{""embedding_size"": 32, ""epochs"": 50, ""learning_rate"": 0.001, ""train_neg_sample_args"": {""alpha"": 1.0, ""candidate_num"": 0, ""distribution"": ""uniform"", ""dynamic"": false, ""sample_num"": 1}}",,,,32.0,0.001,"{'distribution': 'uniform', 'sample_num': 1, 'alpha': 1.0, 'dynamic': False, 'candidate_num': 0}","amazon_recbole::BPR::{""embedding_size"": 32, ""epochs"": 50, ""learning_rate"": 0.001, ""train_neg_sample_args"": {""alpha"": 1.0, ""candidate_num"": 0, ""distribution"": ""uniform"", ""dynamic"": false, ""sample_num"": 1}}"
BPR,amazon_recbole,cuda,50,2048,2048,11902.85,1260.54,270.0,0.0278,0.0392,0.0204,0.024,0.0181,0.0196,0.0997753891963064,2341.7234184285926,success,,13458.67,"{""embedding_size"": 32, ""epochs"": 50, ""learning_rate"": 0.0005, ""train_neg_sample_args"": {""alpha"": 1.0, ""candidate_num"": 0, ""distribution"": ""uniform"", ""dynamic"": false, ""sample_num"": 1}}",,,,32.0,0.0005,"{'distribution': 'uniform', 'sample_num': 1, 'alpha': 1.0, 'dynamic': False, 'candidate_num': 0}","amazon_recbole::BPR::{""embedding_size"": 32, ""epochs"": 50, ""learning_rate"": 0.0005, ""train_neg_sample_args"": {""alpha"": 1.0, ""candidate_num"": 0, ""distribution"": ""uniform"", ""dynamic"": false, ""sample_num"": 1}}"
BPR,amazon_recbole,cuda,50,2048,2048,3891.31,1197.79,265.55,0.0221,0.0312,0.0165,0.0194,0.0147,0.0159,0.0171082865035584,1938.030300701129,success,,5379.77,"{""embedding_size"": 32, ""epochs"": 50, ""learning_rate"": 0.0001, ""train_neg_sample_args"": {""alpha"": 1.0, ""candidate_num"": 0, ""distribution"": ""uniform"", ""dynamic"": false, ""sample_num"": 1}}",,,,32.0,0.0001,"{'distribution': 'uniform', 'sample_num': 1, 'alpha': 1.0, 'dynamic': False, 'candidate_num': 0}","amazon_recbole::BPR::{""embedding_size"": 32, ""epochs"": 50, ""learning_rate"": 0.0001, ""train_neg_sample_args"": {""alpha"": 1.0, ""candidate_num"": 0, ""distribution"": ""uniform"", ""dynamic"": false, ""sample_num"": 1}}"
BPR,amazon_recbole,cuda,50,2048,2048,11040.13,1226.27,273.88,0.0529,0.0661,0.044,0.0482,0.0412,0.0429,0.382982934742386,1106.950181492334,success,,12565.83,"{""embedding_size"": 64, ""epochs"": 50, ""learning_rate"": 0.001, ""train_neg_sample_args"": {""alpha"": 1.0, ""candidate_num"": 0, ""distribution"": ""uniform"", ""dynamic"": false, ""sample_num"": 1}}",,,,64.0,0.001,"{'distribution': 'uniform', 'sample_num': 1, 'alpha': 1.0, 'dynamic': False, 'candidate_num': 0}","amazon_recbole::BPR::{""embedding_size"": 64, ""epochs"": 50, ""learning_rate"": 0.001, ""train_neg_sample_args"": {""alpha"": 1.0, ""candidate_num"": 0, ""distribution"": ""uniform"", ""dynamic"": false, ""sample_num"": 1}}"
BPR,amazon_recbole,cuda,50,2048,2048,10906.4,1215.68,274.13,0.0464,0.0607,0.0363,0.0409,0.0331,0.0349,0.2140343026307863,1357.1327171307694,success,,12421.3,"{""embedding_size"": 64, ""epochs"": 50, ""learning_rate"": 0.0005, ""train_neg_sample_args"": {""alpha"": 1.0, ""candidate_num"": 0, ""distribution"": ""uniform"", ""dynamic"": false, ""sample_num"": 1}}",,,,64.0,0.0005,"{'distribution': 'uniform', 'sample_num': 1, 'alpha': 1.0, 'dynamic': False, 'candidate_num': 0}","amazon_recbole::BPR::{""embedding_size"": 64, ""epochs"": 50, ""learning_rate"": 0.0005, ""train_neg_sample_args"": {""alpha"": 1.0, ""candidate_num"": 0, ""distribution"": ""uniform"", ""dynamic"": false, ""sample_num"": 1}}"
BPR,amazon_recbole,cuda,50,2048,2048,11140.96,1229.9,272.95,0.0322,0.0435,0.0251,0.0287,0.0229,0.0244,0.0424781198096401,2017.5874006214049,success,,12668.92,"{""embedding_size"": 64, ""epochs"": 50, ""learning_rate"": 0.0001, ""train_neg_sample_args"": {""alpha"": 1.0, ""candidate_num"": 0, ""distribution"": ""uniform"", ""dynamic"": false, ""sample_num"": 1}}",,,,64.0,0.0001,"{'distribution': 'uniform', 'sample_num': 1, 'alpha': 1.0, 'dynamic': False, 'candidate_num': 0}","amazon_recbole::BPR::{""embedding_size"": 64, ""epochs"": 50, ""learning_rate"": 0.0001, ""train_neg_sample_args"": {""alpha"": 1.0, ""candidate_num"": 0, ""distribution"": ""uniform"", ""dynamic"": false, ""sample_num"": 1}}"
BPR,amazon_recbole,cuda,50,2048,2048,11339.37,1250.51,287.52,0.0625,0.0754,0.0532,0.0573,0.0502,0.0519,0.4662266245557267,875.0028730542084,success,,12903.07,"{""embedding_size"": 128, ""epochs"": 50, ""learning_rate"": 0.001, ""train_neg_sample_args"": {""alpha"": 1.0, ""candidate_num"": 0, ""distribution"": ""uniform"", ""dynamic"": false, ""sample_num"": 1}}",,,,128.0,0.001,"{'distribution': 'uniform', 'sample_num': 1, 'alpha': 1.0, 'dynamic': False, 'candidate_num': 0}","amazon_recbole::BPR::{""embedding_size"": 128, ""epochs"": 50, ""learning_rate"": 0.001, ""train_neg_sample_args"": {""alpha"": 1.0, ""candidate_num"": 0, ""distribution"": ""uniform"", ""dynamic"": false, ""sample_num"": 1}}"
BPR,amazon_recbole,cuda,50,2048,2048,11386.92,1269.13,287.48,0.0585,0.0733,0.0477,0.0524,0.0442,0.0462,0.352733625356064,1250.6126922381627,success,,12969.44,"{""embedding_size"": 128, ""epochs"": 50, ""learning_rate"": 0.0005, ""train_neg_sample_args"": {""alpha"": 1.0, ""candidate_num"": 0, ""distribution"": ""uniform"", ""dynamic"": false, ""sample_num"": 1}}",,,,128.0,0.0005,"{'distribution': 'uniform', 'sample_num': 1, 'alpha': 1.0, 'dynamic': False, 'candidate_num': 0}","amazon_recbole::BPR::{""embedding_size"": 128, ""epochs"": 50, ""learning_rate"": 0.0005, ""train_neg_sample_args"": {""alpha"": 1.0, ""candidate_num"": 0, ""distribution"": ""uniform"", ""dynamic"": false, ""sample_num"": 1}}"
BPR,amazon_recbole,cuda,50,2048,2048,2952.74,1264.8,286.62,0.0305,0.0408,0.0237,0.0269,0.0215,0.0229,0.04317518782110309,2040.3935205090888,success,,4530.62,"{""embedding_size"": 128, ""epochs"": 50, ""learning_rate"": 0.0001, ""train_neg_sample_args"": {""alpha"": 1.0, ""candidate_num"": 0, ""distribution"": ""uniform"", ""dynamic"": false, ""sample_num"": 1}}",,,,128.0,0.0001,"{'distribution': 'uniform', 'sample_num': 1, 'alpha': 1.0, 'dynamic': False, 'candidate_num': 0}","amazon_recbole::BPR::{""embedding_size"": 128, ""epochs"": 50, ""learning_rate"": 0.0001, ""train_neg_sample_args"": {""alpha"": 1.0, ""candidate_num"": 0, ""distribution"": ""uniform"", ""dynamic"": false, ""sample_num"": 1}}"
