model,dataset,device,epochs,train_batch_size,eval_batch_size,train_runtime_seconds,eval_runtime_seconds,extra_metrics_runtime_seconds,refinement_name,refinement_reason,hit@5,hit@10,ndcg@5,ndcg@10,mrr@5,mrr@10,run_id,status,error_message,runtime_seconds,config_json,logged_at,recent_fraction,decay_half_life_days
MostPop,adressa_recbole_sample,cuda,1.0,2048.0,1024.0,1.4,0.29,0.0,session_popularity_refined,baseline comparison anchor,0.2398,0.3734,0.1425,0.1841,0.1106,0.1268,"adressa_recbole_sample::MostPop::{""refinement_name"": ""session_popularity_refined"", ""refinement_reason"": ""baseline comparison anchor""}",success,,8.86,"{""refinement_name"": ""session_popularity_refined"", ""refinement_reason"": ""baseline comparison anchor""}",2026-06-24T11:59:03,,
RecentPop,adressa_recbole_sample,cuda,1.0,2048.0,1024.0,1.1,0.36,0.0,session_popularity_refined,relative recent window,0.2162,0.3916,0.1503,0.2068,0.1291,0.1523,"adressa_recbole_sample::RecentPop::{""recent_fraction"": 0.01, ""refinement_name"": ""session_popularity_refined"", ""refinement_reason"": ""relative recent window""}",success,,7.62,"{""recent_fraction"": 0.01, ""refinement_name"": ""session_popularity_refined"", ""refinement_reason"": ""relative recent window""}",2026-06-24T11:59:11,0.01,
RecentPop,adressa_recbole_sample,cuda,1.0,2048.0,1024.0,1.03,0.42,0.0,session_popularity_refined,relative recent window,0.2097,0.3659,0.1449,0.196,0.1243,0.1457,"adressa_recbole_sample::RecentPop::{""recent_fraction"": 0.05, ""refinement_name"": ""session_popularity_refined"", ""refinement_reason"": ""relative recent window""}",success,,7.63,"{""recent_fraction"": 0.05, ""refinement_name"": ""session_popularity_refined"", ""refinement_reason"": ""relative recent window""}",2026-06-24T11:59:18,0.05,
RecentPop,adressa_recbole_sample,cuda,1.0,2048.0,1024.0,1.17,0.41,0.0,session_popularity_refined,relative recent window,0.2386,0.3725,0.1599,0.2032,0.1347,0.1525,"adressa_recbole_sample::RecentPop::{""recent_fraction"": 0.1, ""refinement_name"": ""session_popularity_refined"", ""refinement_reason"": ""relative recent window""}",success,,7.63,"{""recent_fraction"": 0.1, ""refinement_name"": ""session_popularity_refined"", ""refinement_reason"": ""relative recent window""}",2026-06-24T11:59:26,0.1,
RecentPop,adressa_recbole_sample,cuda,1.0,2048.0,1024.0,1.05,0.37,0.0,session_popularity_refined,relative recent window,0.2386,0.383,0.1661,0.2131,0.1424,0.1619,"adressa_recbole_sample::RecentPop::{""recent_fraction"": 0.25, ""refinement_name"": ""session_popularity_refined"", ""refinement_reason"": ""relative recent window""}",success,,7.77,"{""recent_fraction"": 0.25, ""refinement_name"": ""session_popularity_refined"", ""refinement_reason"": ""relative recent window""}",2026-06-24T11:59:34,0.25,
RecentPop,adressa_recbole_sample,cuda,1.0,2048.0,1024.0,1.01,0.36,0.0,session_popularity_refined,relative recent window,0.2622,0.4046,0.1604,0.2058,0.1268,0.1451,"adressa_recbole_sample::RecentPop::{""recent_fraction"": 0.5, ""refinement_name"": ""session_popularity_refined"", ""refinement_reason"": ""relative recent window""}",success,,7.36,"{""recent_fraction"": 0.5, ""refinement_name"": ""session_popularity_refined"", ""refinement_reason"": ""relative recent window""}",2026-06-24T11:59:41,0.5,
DecayPop,adressa_recbole_sample,cuda,,,,,,,session_popularity_refined,interpretable half-life decay,,,,,,,"adressa_recbole_sample::DecayPop::{""decay_half_life_days"": 0.25, ""refinement_name"": ""session_popularity_refined"", ""refinement_reason"": ""interpretable half-life decay""}",failed,"float() argument must be a string or a real number, not 'NoneType'",6.13,"{""decay_half_life_days"": 0.25, ""refinement_name"": ""session_popularity_refined"", ""refinement_reason"": ""interpretable half-life decay""}",2026-06-24T11:59:47,,0.25
DecayPop,adressa_recbole_sample,cuda,,,,,,,session_popularity_refined,interpretable half-life decay,,,,,,,"adressa_recbole_sample::DecayPop::{""decay_half_life_days"": 0.5, ""refinement_name"": ""session_popularity_refined"", ""refinement_reason"": ""interpretable half-life decay""}",failed,"float() argument must be a string or a real number, not 'NoneType'",6.13,"{""decay_half_life_days"": 0.5, ""refinement_name"": ""session_popularity_refined"", ""refinement_reason"": ""interpretable half-life decay""}",2026-06-24T11:59:53,,0.5
DecayPop,adressa_recbole_sample,cuda,,,,,,,session_popularity_refined,interpretable half-life decay,,,,,,,"adressa_recbole_sample::DecayPop::{""decay_half_life_days"": 1, ""refinement_name"": ""session_popularity_refined"", ""refinement_reason"": ""interpretable half-life decay""}",failed,"float() argument must be a string or a real number, not 'NoneType'",6.12,"{""decay_half_life_days"": 1, ""refinement_name"": ""session_popularity_refined"", ""refinement_reason"": ""interpretable half-life decay""}",2026-06-24T12:00:00,,1.0
DecayPop,adressa_recbole_sample,cuda,,,,,,,session_popularity_refined,interpretable half-life decay,,,,,,,"adressa_recbole_sample::DecayPop::{""decay_half_life_days"": 3, ""refinement_name"": ""session_popularity_refined"", ""refinement_reason"": ""interpretable half-life decay""}",failed,"float() argument must be a string or a real number, not 'NoneType'",6.13,"{""decay_half_life_days"": 3, ""refinement_name"": ""session_popularity_refined"", ""refinement_reason"": ""interpretable half-life decay""}",2026-06-24T12:00:06,,3.0
DecayPop,adressa_recbole_sample,cuda,,,,,,,session_popularity_refined,interpretable half-life decay,,,,,,,"adressa_recbole_sample::DecayPop::{""decay_half_life_days"": 7, ""refinement_name"": ""session_popularity_refined"", ""refinement_reason"": ""interpretable half-life decay""}",failed,"float() argument must be a string or a real number, not 'NoneType'",5.69,"{""decay_half_life_days"": 7, ""refinement_name"": ""session_popularity_refined"", ""refinement_reason"": ""interpretable half-life decay""}",2026-06-24T12:00:11,,7.0
DecayPop,adressa_recbole_sample,cuda,,,,,,,session_popularity_refined,interpretable half-life decay,,,,,,,"adressa_recbole_sample::DecayPop::{""decay_half_life_days"": 14, ""refinement_name"": ""session_popularity_refined"", ""refinement_reason"": ""interpretable half-life decay""}",failed,"float() argument must be a string or a real number, not 'NoneType'",5.77,"{""decay_half_life_days"": 14, ""refinement_name"": ""session_popularity_refined"", ""refinement_reason"": ""interpretable half-life decay""}",2026-06-24T12:00:17,,14.0
DecayPop,adressa_recbole_sample,cuda,,,,,,,session_popularity_refined,interpretable half-life decay,,,,,,,"adressa_recbole_sample::DecayPop::{""decay_half_life_days"": 30, ""refinement_name"": ""session_popularity_refined"", ""refinement_reason"": ""interpretable half-life decay""}",failed,"float() argument must be a string or a real number, not 'NoneType'",5.82,"{""decay_half_life_days"": 30, ""refinement_name"": ""session_popularity_refined"", ""refinement_reason"": ""interpretable half-life decay""}",2026-06-24T12:00:23,,30.0
MostPop,globo_recbole_sample,cuda,1.0,2048.0,1024.0,0.93,0.52,0.0,session_popularity_refined,baseline comparison anchor,0.0346,0.0626,0.0226,0.0316,0.0188,0.0224,"globo_recbole_sample::MostPop::{""refinement_name"": ""session_popularity_refined"", ""refinement_reason"": ""baseline comparison anchor""}",success,,7.28,"{""refinement_name"": ""session_popularity_refined"", ""refinement_reason"": ""baseline comparison anchor""}",2026-06-24T12:00:30,,
RecentPop,globo_recbole_sample,cuda,1.0,2048.0,1024.0,1.14,0.53,0.0,session_popularity_refined,relative recent window,0.0008,0.0016,0.0003,0.0006,0.0002,0.0003,"globo_recbole_sample::RecentPop::{""recent_fraction"": 0.01, ""refinement_name"": ""session_popularity_refined"", ""refinement_reason"": ""relative recent window""}",success,,7.67,"{""recent_fraction"": 0.01, ""refinement_name"": ""session_popularity_refined"", ""refinement_reason"": ""relative recent window""}",2026-06-24T12:00:38,0.01,
RecentPop,globo_recbole_sample,cuda,1.0,2048.0,1024.0,1.0,0.53,0.0,session_popularity_refined,relative recent window,0.0008,0.0016,0.0003,0.0006,0.0002,0.0003,"globo_recbole_sample::RecentPop::{""recent_fraction"": 0.05, ""refinement_name"": ""session_popularity_refined"", ""refinement_reason"": ""relative recent window""}",success,,7.16,"{""recent_fraction"": 0.05, ""refinement_name"": ""session_popularity_refined"", ""refinement_reason"": ""relative recent window""}",2026-06-24T12:00:45,0.05,
RecentPop,globo_recbole_sample,cuda,1.0,2048.0,1024.0,1.11,0.56,0.0,session_popularity_refined,relative recent window,0.0008,0.0016,0.0003,0.0006,0.0002,0.0003,"globo_recbole_sample::RecentPop::{""recent_fraction"": 0.1, ""refinement_name"": ""session_popularity_refined"", ""refinement_reason"": ""relative recent window""}",success,,7.51,"{""recent_fraction"": 0.1, ""refinement_name"": ""session_popularity_refined"", ""refinement_reason"": ""relative recent window""}",2026-06-24T12:00:53,0.1,
RecentPop,globo_recbole_sample,cuda,1.0,2048.0,1024.0,1.03,0.5,0.0,session_popularity_refined,relative recent window,0.0,0.0,0.0,0.0,0.0,0.0,"globo_recbole_sample::RecentPop::{""recent_fraction"": 0.25, ""refinement_name"": ""session_popularity_refined"", ""refinement_reason"": ""relative recent window""}",success,,7.3,"{""recent_fraction"": 0.25, ""refinement_name"": ""session_popularity_refined"", ""refinement_reason"": ""relative recent window""}",2026-06-24T12:01:00,0.25,
RecentPop,globo_recbole_sample,cuda,1.0,2048.0,1024.0,0.97,0.5,0.0,session_popularity_refined,relative recent window,0.0128,0.0212,0.0083,0.011,0.0069,0.008,"globo_recbole_sample::RecentPop::{""recent_fraction"": 0.5, ""refinement_name"": ""session_popularity_refined"", ""refinement_reason"": ""relative recent window""}",success,,7.45,"{""recent_fraction"": 0.5, ""refinement_name"": ""session_popularity_refined"", ""refinement_reason"": ""relative recent window""}",2026-06-24T12:01:07,0.5,
DecayPop,globo_recbole_sample,cuda,,,,,,,session_popularity_refined,interpretable half-life decay,,,,,,,"globo_recbole_sample::DecayPop::{""decay_half_life_days"": 0.25, ""refinement_name"": ""session_popularity_refined"", ""refinement_reason"": ""interpretable half-life decay""}",failed,"float() argument must be a string or a real number, not 'NoneType'",5.76,"{""decay_half_life_days"": 0.25, ""refinement_name"": ""session_popularity_refined"", ""refinement_reason"": ""interpretable half-life decay""}",2026-06-24T12:01:13,,0.25
DecayPop,globo_recbole_sample,cuda,,,,,,,session_popularity_refined,interpretable half-life decay,,,,,,,"globo_recbole_sample::DecayPop::{""decay_half_life_days"": 0.5, ""refinement_name"": ""session_popularity_refined"", ""refinement_reason"": ""interpretable half-life decay""}",failed,"float() argument must be a string or a real number, not 'NoneType'",6.0,"{""decay_half_life_days"": 0.5, ""refinement_name"": ""session_popularity_refined"", ""refinement_reason"": ""interpretable half-life decay""}",2026-06-24T12:01:19,,0.5
DecayPop,globo_recbole_sample,cuda,,,,,,,session_popularity_refined,interpretable half-life decay,,,,,,,"globo_recbole_sample::DecayPop::{""decay_half_life_days"": 1, ""refinement_name"": ""session_popularity_refined"", ""refinement_reason"": ""interpretable half-life decay""}",failed,"float() argument must be a string or a real number, not 'NoneType'",5.73,"{""decay_half_life_days"": 1, ""refinement_name"": ""session_popularity_refined"", ""refinement_reason"": ""interpretable half-life decay""}",2026-06-24T12:01:25,,1.0
DecayPop,globo_recbole_sample,cuda,,,,,,,session_popularity_refined,interpretable half-life decay,,,,,,,"globo_recbole_sample::DecayPop::{""decay_half_life_days"": 3, ""refinement_name"": ""session_popularity_refined"", ""refinement_reason"": ""interpretable half-life decay""}",failed,"float() argument must be a string or a real number, not 'NoneType'",5.67,"{""decay_half_life_days"": 3, ""refinement_name"": ""session_popularity_refined"", ""refinement_reason"": ""interpretable half-life decay""}",2026-06-24T12:01:31,,3.0
DecayPop,globo_recbole_sample,cuda,,,,,,,session_popularity_refined,interpretable half-life decay,,,,,,,"globo_recbole_sample::DecayPop::{""decay_half_life_days"": 7, ""refinement_name"": ""session_popularity_refined"", ""refinement_reason"": ""interpretable half-life decay""}",failed,"float() argument must be a string or a real number, not 'NoneType'",5.93,"{""decay_half_life_days"": 7, ""refinement_name"": ""session_popularity_refined"", ""refinement_reason"": ""interpretable half-life decay""}",2026-06-24T12:01:37,,7.0
DecayPop,globo_recbole_sample,cuda,,,,,,,session_popularity_refined,interpretable half-life decay,,,,,,,"globo_recbole_sample::DecayPop::{""decay_half_life_days"": 14, ""refinement_name"": ""session_popularity_refined"", ""refinement_reason"": ""interpretable half-life decay""}",failed,"float() argument must be a string or a real number, not 'NoneType'",5.85,"{""decay_half_life_days"": 14, ""refinement_name"": ""session_popularity_refined"", ""refinement_reason"": ""interpretable half-life decay""}",2026-06-24T12:01:42,,14.0
DecayPop,globo_recbole_sample,cuda,,,,,,,session_popularity_refined,interpretable half-life decay,,,,,,,"globo_recbole_sample::DecayPop::{""decay_half_life_days"": 30, ""refinement_name"": ""session_popularity_refined"", ""refinement_reason"": ""interpretable half-life decay""}",failed,"float() argument must be a string or a real number, not 'NoneType'",5.76,"{""decay_half_life_days"": 30, ""refinement_name"": ""session_popularity_refined"", ""refinement_reason"": ""interpretable half-life decay""}",2026-06-24T12:01:48,,30.0
MostPop,yoochoose_recbole_sample,cuda,1.0,2048.0,1024.0,1.29,0.51,0.0,session_popularity_refined,baseline comparison anchor,0.0139,0.0215,0.0087,0.0112,0.007,0.008,"yoochoose_recbole_sample::MostPop::{""refinement_name"": ""session_popularity_refined"", ""refinement_reason"": ""baseline comparison anchor""}",success,,7.85,"{""refinement_name"": ""session_popularity_refined"", ""refinement_reason"": ""baseline comparison anchor""}",2026-06-24T12:01:56,,
RecentPop,yoochoose_recbole_sample,cuda,1.0,2048.0,1024.0,1.26,0.61,0.0,session_popularity_refined,relative recent window,0.0005,0.0012,0.0004,0.0006,0.0004,0.0004,"yoochoose_recbole_sample::RecentPop::{""recent_fraction"": 0.01, ""refinement_name"": ""session_popularity_refined"", ""refinement_reason"": ""relative recent window""}",success,,8.01,"{""recent_fraction"": 0.01, ""refinement_name"": ""session_popularity_refined"", ""refinement_reason"": ""relative recent window""}",2026-06-24T12:02:04,0.01,
RecentPop,yoochoose_recbole_sample,cuda,1.0,2048.0,1024.0,1.29,0.5,0.0,session_popularity_refined,relative recent window,0.0034,0.0054,0.0022,0.0029,0.0018,0.0021,"yoochoose_recbole_sample::RecentPop::{""recent_fraction"": 0.05, ""refinement_name"": ""session_popularity_refined"", ""refinement_reason"": ""relative recent window""}",success,,7.53,"{""recent_fraction"": 0.05, ""refinement_name"": ""session_popularity_refined"", ""refinement_reason"": ""relative recent window""}",2026-06-24T12:02:12,0.05,
RecentPop,yoochoose_recbole_sample,cuda,1.0,2048.0,1024.0,1.29,0.51,0.0,session_popularity_refined,relative recent window,0.0076,0.0107,0.0039,0.0048,0.0027,0.0031,"yoochoose_recbole_sample::RecentPop::{""recent_fraction"": 0.1, ""refinement_name"": ""session_popularity_refined"", ""refinement_reason"": ""relative recent window""}",success,,7.8,"{""recent_fraction"": 0.1, ""refinement_name"": ""session_popularity_refined"", ""refinement_reason"": ""relative recent window""}",2026-06-24T12:02:19,0.1,
RecentPop,yoochoose_recbole_sample,cuda,1.0,2048.0,1024.0,1.16,0.52,0.0,session_popularity_refined,relative recent window,0.0111,0.0166,0.0076,0.0094,0.0064,0.0072,"yoochoose_recbole_sample::RecentPop::{""recent_fraction"": 0.25, ""refinement_name"": ""session_popularity_refined"", ""refinement_reason"": ""relative recent window""}",success,,7.55,"{""recent_fraction"": 0.25, ""refinement_name"": ""session_popularity_refined"", ""refinement_reason"": ""relative recent window""}",2026-06-24T12:02:27,0.25,
RecentPop,yoochoose_recbole_sample,cuda,1.0,2048.0,1024.0,1.23,0.52,0.0,session_popularity_refined,relative recent window,0.011,0.0173,0.0075,0.0095,0.0063,0.0072,"yoochoose_recbole_sample::RecentPop::{""recent_fraction"": 0.5, ""refinement_name"": ""session_popularity_refined"", ""refinement_reason"": ""relative recent window""}",success,,7.84,"{""recent_fraction"": 0.5, ""refinement_name"": ""session_popularity_refined"", ""refinement_reason"": ""relative recent window""}",2026-06-24T12:02:35,0.5,
DecayPop,yoochoose_recbole_sample,cuda,,,,,,,session_popularity_refined,interpretable half-life decay,,,,,,,"yoochoose_recbole_sample::DecayPop::{""decay_half_life_days"": 0.25, ""refinement_name"": ""session_popularity_refined"", ""refinement_reason"": ""interpretable half-life decay""}",failed,"float() argument must be a string or a real number, not 'NoneType'",5.9,"{""decay_half_life_days"": 0.25, ""refinement_name"": ""session_popularity_refined"", ""refinement_reason"": ""interpretable half-life decay""}",2026-06-24T12:02:41,,0.25
DecayPop,yoochoose_recbole_sample,cuda,,,,,,,session_popularity_refined,interpretable half-life decay,,,,,,,"yoochoose_recbole_sample::DecayPop::{""decay_half_life_days"": 0.5, ""refinement_name"": ""session_popularity_refined"", ""refinement_reason"": ""interpretable half-life decay""}",failed,"float() argument must be a string or a real number, not 'NoneType'",6.14,"{""decay_half_life_days"": 0.5, ""refinement_name"": ""session_popularity_refined"", ""refinement_reason"": ""interpretable half-life decay""}",2026-06-24T12:02:47,,0.5
DecayPop,yoochoose_recbole_sample,cuda,,,,,,,session_popularity_refined,interpretable half-life decay,,,,,,,"yoochoose_recbole_sample::DecayPop::{""decay_half_life_days"": 1, ""refinement_name"": ""session_popularity_refined"", ""refinement_reason"": ""interpretable half-life decay""}",failed,"float() argument must be a string or a real number, not 'NoneType'",5.84,"{""decay_half_life_days"": 1, ""refinement_name"": ""session_popularity_refined"", ""refinement_reason"": ""interpretable half-life decay""}",2026-06-24T12:02:53,,1.0
DecayPop,yoochoose_recbole_sample,cuda,,,,,,,session_popularity_refined,interpretable half-life decay,,,,,,,"yoochoose_recbole_sample::DecayPop::{""decay_half_life_days"": 3, ""refinement_name"": ""session_popularity_refined"", ""refinement_reason"": ""interpretable half-life decay""}",failed,"float() argument must be a string or a real number, not 'NoneType'",5.96,"{""decay_half_life_days"": 3, ""refinement_name"": ""session_popularity_refined"", ""refinement_reason"": ""interpretable half-life decay""}",2026-06-24T12:02:59,,3.0
DecayPop,yoochoose_recbole_sample,cuda,,,,,,,session_popularity_refined,interpretable half-life decay,,,,,,,"yoochoose_recbole_sample::DecayPop::{""decay_half_life_days"": 7, ""refinement_name"": ""session_popularity_refined"", ""refinement_reason"": ""interpretable half-life decay""}",failed,"float() argument must be a string or a real number, not 'NoneType'",5.92,"{""decay_half_life_days"": 7, ""refinement_name"": ""session_popularity_refined"", ""refinement_reason"": ""interpretable half-life decay""}",2026-06-24T12:03:05,,7.0
DecayPop,yoochoose_recbole_sample,cuda,,,,,,,session_popularity_refined,interpretable half-life decay,,,,,,,"yoochoose_recbole_sample::DecayPop::{""decay_half_life_days"": 14, ""refinement_name"": ""session_popularity_refined"", ""refinement_reason"": ""interpretable half-life decay""}",failed,"float() argument must be a string or a real number, not 'NoneType'",5.86,"{""decay_half_life_days"": 14, ""refinement_name"": ""session_popularity_refined"", ""refinement_reason"": ""interpretable half-life decay""}",2026-06-24T12:03:11,,14.0
DecayPop,yoochoose_recbole_sample,cuda,,,,,,,session_popularity_refined,interpretable half-life decay,,,,,,,"yoochoose_recbole_sample::DecayPop::{""decay_half_life_days"": 30, ""refinement_name"": ""session_popularity_refined"", ""refinement_reason"": ""interpretable half-life decay""}",failed,"float() argument must be a string or a real number, not 'NoneType'",5.96,"{""decay_half_life_days"": 30, ""refinement_name"": ""session_popularity_refined"", ""refinement_reason"": ""interpretable half-life decay""}",2026-06-24T12:03:16,,30.0
DecayPop,adressa_recbole_sample,cuda,1.0,2048.0,1024.0,1.55,0.45,0.0,session_popularity_refined,interpretable half-life decay,0.2622,0.4046,0.177,0.2231,0.1491,0.1682,"adressa_recbole_sample::DecayPop::{""decay_half_life_days"": 0.25, ""refinement_name"": ""session_popularity_refined"", ""refinement_reason"": ""interpretable half-life decay""}",success,,10.54,"{""decay_half_life_days"": 0.25, ""refinement_name"": ""session_popularity_refined"", ""refinement_reason"": ""interpretable half-life decay""}",2026-06-24T14:05:07,,0.25
DecayPop,adressa_recbole_sample,cuda,1.0,2048.0,1024.0,1.02,0.31,0.0,session_popularity_refined,interpretable half-life decay,0.2622,0.409,0.1604,0.2075,0.1268,0.146,"adressa_recbole_sample::DecayPop::{""decay_half_life_days"": 0.5, ""refinement_name"": ""session_popularity_refined"", ""refinement_reason"": ""interpretable half-life decay""}",success,,10.52,"{""decay_half_life_days"": 0.5, ""refinement_name"": ""session_popularity_refined"", ""refinement_reason"": ""interpretable half-life decay""}",2026-06-24T14:05:17,,0.5
DecayPop,adressa_recbole_sample,cuda,1.0,2048.0,1024.0,1.24,0.42,0.0,session_popularity_refined,interpretable half-life decay,0.2622,0.3872,0.1591,0.1983,0.1252,0.1407,"adressa_recbole_sample::DecayPop::{""decay_half_life_days"": 1, ""refinement_name"": ""session_popularity_refined"", ""refinement_reason"": ""interpretable half-life decay""}",success,,11.16,"{""decay_half_life_days"": 1, ""refinement_name"": ""session_popularity_refined"", ""refinement_reason"": ""interpretable half-life decay""}",2026-06-24T14:05:29,,1.0
DecayPop,adressa_recbole_sample,cuda,1.0,2048.0,1024.0,1.24,0.39,0.0,session_popularity_refined,interpretable half-life decay,0.2398,0.3734,0.1425,0.1845,0.1106,0.1273,"adressa_recbole_sample::DecayPop::{""decay_half_life_days"": 3, ""refinement_name"": ""session_popularity_refined"", ""refinement_reason"": ""interpretable half-life decay""}",success,,10.26,"{""decay_half_life_days"": 3, ""refinement_name"": ""session_popularity_refined"", ""refinement_reason"": ""interpretable half-life decay""}",2026-06-24T14:05:39,,3.0
DecayPop,adressa_recbole_sample,cuda,1.0,2048.0,1024.0,1.48,0.49,0.0,session_popularity_refined,interpretable half-life decay,0.2398,0.3734,0.1425,0.1841,0.1106,0.1268,"adressa_recbole_sample::DecayPop::{""decay_half_life_days"": 7, ""refinement_name"": ""session_popularity_refined"", ""refinement_reason"": ""interpretable half-life decay""}",success,,11.37,"{""decay_half_life_days"": 7, ""refinement_name"": ""session_popularity_refined"", ""refinement_reason"": ""interpretable half-life decay""}",2026-06-24T14:05:50,,7.0
DecayPop,adressa_recbole_sample,cuda,1.0,2048.0,1024.0,1.18,0.49,0.0,session_popularity_refined,interpretable half-life decay,0.2398,0.3734,0.1425,0.1841,0.1106,0.1268,"adressa_recbole_sample::DecayPop::{""decay_half_life_days"": 14, ""refinement_name"": ""session_popularity_refined"", ""refinement_reason"": ""interpretable half-life decay""}",success,,12.32,"{""decay_half_life_days"": 14, ""refinement_name"": ""session_popularity_refined"", ""refinement_reason"": ""interpretable half-life decay""}",2026-06-24T14:06:03,,14.0
DecayPop,adressa_recbole_sample,cuda,1.0,2048.0,1024.0,1.19,0.49,0.0,session_popularity_refined,interpretable half-life decay,0.2398,0.3734,0.1425,0.1841,0.1106,0.1268,"adressa_recbole_sample::DecayPop::{""decay_half_life_days"": 30, ""refinement_name"": ""session_popularity_refined"", ""refinement_reason"": ""interpretable half-life decay""}",success,,13.4,"{""decay_half_life_days"": 30, ""refinement_name"": ""session_popularity_refined"", ""refinement_reason"": ""interpretable half-life decay""}",2026-06-24T14:06:16,,30.0
DecayPop,globo_recbole_sample,cuda,1.0,2048.0,1024.0,1.26,0.71,0.0,session_popularity_refined,interpretable half-life decay,0.0,0.0,0.0,0.0,0.0,0.0,"globo_recbole_sample::DecayPop::{""decay_half_life_days"": 0.25, ""refinement_name"": ""session_popularity_refined"", ""refinement_reason"": ""interpretable half-life decay""}",success,,14.56,"{""decay_half_life_days"": 0.25, ""refinement_name"": ""session_popularity_refined"", ""refinement_reason"": ""interpretable half-life decay""}",2026-06-24T14:06:31,,0.25
DecayPop,globo_recbole_sample,cuda,1.0,2048.0,1024.0,1.23,0.69,0.0,session_popularity_refined,interpretable half-life decay,0.0,0.0,0.0,0.0,0.0,0.0,"globo_recbole_sample::DecayPop::{""decay_half_life_days"": 0.5, ""refinement_name"": ""session_popularity_refined"", ""refinement_reason"": ""interpretable half-life decay""}",success,,12.6,"{""decay_half_life_days"": 0.5, ""refinement_name"": ""session_popularity_refined"", ""refinement_reason"": ""interpretable half-life decay""}",2026-06-24T14:06:43,,0.5
DecayPop,globo_recbole_sample,cuda,1.0,2048.0,1024.0,1.34,0.69,0.0,session_popularity_refined,interpretable half-life decay,0.0,0.0109,0.0,0.0036,0.0,0.0015,"globo_recbole_sample::DecayPop::{""decay_half_life_days"": 1, ""refinement_name"": ""session_popularity_refined"", ""refinement_reason"": ""interpretable half-life decay""}",success,,12.4,"{""decay_half_life_days"": 1, ""refinement_name"": ""session_popularity_refined"", ""refinement_reason"": ""interpretable half-life decay""}",2026-06-24T14:06:56,,1.0
DecayPop,globo_recbole_sample,cuda,1.0,2048.0,1024.0,1.18,0.66,0.0,session_popularity_refined,interpretable half-life decay,0.0217,0.0406,0.0127,0.0188,0.0098,0.0123,"globo_recbole_sample::DecayPop::{""decay_half_life_days"": 3, ""refinement_name"": ""session_popularity_refined"", ""refinement_reason"": ""interpretable half-life decay""}",success,,13.05,"{""decay_half_life_days"": 3, ""refinement_name"": ""session_popularity_refined"", ""refinement_reason"": ""interpretable half-life decay""}",2026-06-24T14:07:09,,3.0
DecayPop,globo_recbole_sample,cuda,1.0,2048.0,1024.0,1.65,0.72,0.0,session_popularity_refined,interpretable half-life decay,0.0296,0.0506,0.0164,0.0232,0.0121,0.0149,"globo_recbole_sample::DecayPop::{""decay_half_life_days"": 7, ""refinement_name"": ""session_popularity_refined"", ""refinement_reason"": ""interpretable half-life decay""}",success,,16.99,"{""decay_half_life_days"": 7, ""refinement_name"": ""session_popularity_refined"", ""refinement_reason"": ""interpretable half-life decay""}",2026-06-24T14:07:26,,7.0
DecayPop,globo_recbole_sample,cuda,1.0,2048.0,1024.0,1.45,0.7,0.0,session_popularity_refined,interpretable half-life decay,0.0345,0.0623,0.0201,0.0289,0.0154,0.019,"globo_recbole_sample::DecayPop::{""decay_half_life_days"": 14, ""refinement_name"": ""session_popularity_refined"", ""refinement_reason"": ""interpretable half-life decay""}",success,,19.45,"{""decay_half_life_days"": 14, ""refinement_name"": ""session_popularity_refined"", ""refinement_reason"": ""interpretable half-life decay""}",2026-06-24T14:07:45,,14.0
DecayPop,globo_recbole_sample,cuda,1.0,2048.0,1024.0,1.14,0.67,0.0,session_popularity_refined,interpretable half-life decay,0.0359,0.0619,0.0233,0.0316,0.0192,0.0226,"globo_recbole_sample::DecayPop::{""decay_half_life_days"": 30, ""refinement_name"": ""session_popularity_refined"", ""refinement_reason"": ""interpretable half-life decay""}",success,,15.01,"{""decay_half_life_days"": 30, ""refinement_name"": ""session_popularity_refined"", ""refinement_reason"": ""interpretable half-life decay""}",2026-06-24T14:08:00,,30.0
DecayPop,yoochoose_recbole_sample,cuda,1.0,2048.0,1024.0,1.53,0.71,0.0,session_popularity_refined,interpretable half-life decay,0.0003,0.001,0.0002,0.0004,0.0001,0.0002,"yoochoose_recbole_sample::DecayPop::{""decay_half_life_days"": 0.25, ""refinement_name"": ""session_popularity_refined"", ""refinement_reason"": ""interpretable half-life decay""}",success,,12.73,"{""decay_half_life_days"": 0.25, ""refinement_name"": ""session_popularity_refined"", ""refinement_reason"": ""interpretable half-life decay""}",2026-06-24T14:08:13,,0.25
DecayPop,yoochoose_recbole_sample,cuda,1.0,2048.0,1024.0,1.58,0.81,0.0,session_popularity_refined,interpretable half-life decay,0.0005,0.0009,0.0002,0.0004,0.0002,0.0002,"yoochoose_recbole_sample::DecayPop::{""decay_half_life_days"": 0.5, ""refinement_name"": ""session_popularity_refined"", ""refinement_reason"": ""interpretable half-life decay""}",success,,16.3,"{""decay_half_life_days"": 0.5, ""refinement_name"": ""session_popularity_refined"", ""refinement_reason"": ""interpretable half-life decay""}",2026-06-24T14:08:29,,0.5
DecayPop,yoochoose_recbole_sample,cuda,1.0,2048.0,1024.0,1.08,0.5,0.0,session_popularity_refined,interpretable half-life decay,0.0007,0.0013,0.0005,0.0007,0.0004,0.0005,"yoochoose_recbole_sample::DecayPop::{""decay_half_life_days"": 1, ""refinement_name"": ""session_popularity_refined"", ""refinement_reason"": ""interpretable half-life decay""}",success,,10.11,"{""decay_half_life_days"": 1, ""refinement_name"": ""session_popularity_refined"", ""refinement_reason"": ""interpretable half-life decay""}",2026-06-24T14:08:39,,1.0
DecayPop,yoochoose_recbole_sample,cuda,1.0,2048.0,1024.0,1.14,0.5,0.0,session_popularity_refined,interpretable half-life decay,0.0029,0.0056,0.0019,0.0028,0.0016,0.0019,"yoochoose_recbole_sample::DecayPop::{""decay_half_life_days"": 3, ""refinement_name"": ""session_popularity_refined"", ""refinement_reason"": ""interpretable half-life decay""}",success,,9.53,"{""decay_half_life_days"": 3, ""refinement_name"": ""session_popularity_refined"", ""refinement_reason"": ""interpretable half-life decay""}",2026-06-24T14:08:49,,3.0
DecayPop,yoochoose_recbole_sample,cuda,1.0,2048.0,1024.0,1.09,0.49,0.0,session_popularity_refined,interpretable half-life decay,0.0067,0.0104,0.0039,0.0051,0.003,0.0034,"yoochoose_recbole_sample::DecayPop::{""decay_half_life_days"": 7, ""refinement_name"": ""session_popularity_refined"", ""refinement_reason"": ""interpretable half-life decay""}",success,,9.6,"{""decay_half_life_days"": 7, ""refinement_name"": ""session_popularity_refined"", ""refinement_reason"": ""interpretable half-life decay""}",2026-06-24T14:08:59,,7.0
DecayPop,yoochoose_recbole_sample,cuda,1.0,2048.0,1024.0,1.29,0.49,0.0,session_popularity_refined,interpretable half-life decay,0.0088,0.0129,0.0064,0.0077,0.0056,0.0062,"yoochoose_recbole_sample::DecayPop::{""decay_half_life_days"": 14, ""refinement_name"": ""session_popularity_refined"", ""refinement_reason"": ""interpretable half-life decay""}",success,,9.75,"{""decay_half_life_days"": 14, ""refinement_name"": ""session_popularity_refined"", ""refinement_reason"": ""interpretable half-life decay""}",2026-06-24T14:09:08,,14.0
DecayPop,yoochoose_recbole_sample,cuda,1.0,2048.0,1024.0,1.24,0.49,0.0,session_popularity_refined,interpretable half-life decay,0.0104,0.0166,0.0072,0.0091,0.0062,0.0069,"yoochoose_recbole_sample::DecayPop::{""decay_half_life_days"": 30, ""refinement_name"": ""session_popularity_refined"", ""refinement_reason"": ""interpretable half-life decay""}",success,,9.67,"{""decay_half_life_days"": 30, ""refinement_name"": ""session_popularity_refined"", ""refinement_reason"": ""interpretable half-life decay""}",2026-06-24T14:09:18,,30.0
