experiment_type,dataset,model,device,epochs,train_batch_size,eval_batch_size,train_runtime_seconds,eval_runtime_seconds,extra_metrics_runtime_seconds,vsknn_k,vsknn_sample_size,hit@5,hit@10,ndcg@5,ndcg@10,mrr@5,mrr@10,run_id,status,error_message,runtime_seconds,config_json,vstan_k,vstan_sample_size,vstan_position_decay,vstan_idf_weighting,hidden_size,learning_rate,dropout_prob,num_layers,loss_type,train_neg_sample_args,experiment_name,source_file,has_experiment_log,coverage@10,avg_recommendation_popularity@10,logged_at,window_days,decay_lambda,embedding_size,runtime_minutes,mrr@10_per_minute,ndcg@10_per_minute,hit@10_per_minute,train_runtime_share,eval_runtime_share,extra_metrics_runtime_share,rank_by_mrr@10,relative_mrr@10_to_dataset_best,mrr@10_gap_to_dataset_best,runtime_relative_to_dataset_fastest,quality_runtime_pareto_efficient
session,adressa_recbole_sample,GRU4Rec,cuda,20,2048,2048,20.25,0.21,0.0,,,0.3539,0.522,0.235,0.2892,0.1959,0.2181,"adressa_recbole_sample::GRU4Rec::{""dropout_prob"": 0.1, ""epochs"": 20, ""eval_batch_size"": 2048, ""hidden_size"": 256, ""learning_rate"": 0.001, ""loss_type"": ""CE"", ""model"": ""GRU4Rec"", ""num_layers"": 1, ""train_batch_size"": 2048, ""train_neg_sample_args"": null}",success,,26.18,"{""dropout_prob"": 0.1, ""epochs"": 20, ""eval_batch_size"": 2048, ""hidden_size"": 256, ""learning_rate"": 0.001, ""loss_type"": ""CE"", ""model"": ""GRU4Rec"", ""num_layers"": 1, ""train_batch_size"": 2048, ""train_neg_sample_args"": null}",,,,,256.0,0.001,0.1,1.0,CE,,session,F:\TimeAware Popularity Models and Fair Evaluation\recbole_results\tuning_results\session_full_tuning_results.csv,True,,,,,,,0.43633333333333335,0.4998472116119175,0.6627960275019099,1.1963330786860198,0.7734912146676852,0.00802139037433155,0.0,1.0,1.0,0.0,1.777325186693822,True
session,adressa_recbole_sample,VS-KNN,cuda,1,2048,1024,274.7,377.95,0.0,100.0,500.0,0.2112,0.3428,0.1313,0.1735,0.1053,0.1225,"adressa_recbole_sample::VS-KNN::{""vsknn_k"": 100, ""vsknn_sample_size"": 500}",success,,659.7,"{""vsknn_k"": 100, ""vsknn_sample_size"": 500}",,,,,,,,,,,session,F:\TimeAware Popularity Models and Fair Evaluation\recbole_results\tuning_results\session_full_tuning_results.csv,True,,,,,,,10.995000000000001,0.011141427921782627,0.015779899954524782,0.031177808094588446,0.41640139457329084,0.5729119296649992,0.0,91.0,0.5616689591930307,0.09559999999999999,44.78615071283096,False
session,adressa_recbole_sample,VSTAN,cuda,1,2048,1024,290.62,400.47,0.0,,,0.265,0.4308,0.1694,0.2229,0.1384,0.1604,"adressa_recbole_sample::VSTAN::{""vstan_idf_weighting"": true, ""vstan_k"": 100, ""vstan_position_decay"": 0.2, ""vstan_sample_size"": 500}",success,,698.26,"{""vstan_idf_weighting"": true, ""vstan_k"": 100, ""vstan_position_decay"": 0.2, ""vstan_sample_size"": 500}",100.0,500.0,0.2,True,,,,,,,session,F:\TimeAware Popularity Models and Fair Evaluation\recbole_results\tuning_results\session_full_tuning_results.csv,True,,,,,,,11.637666666666666,0.013782831610002004,0.019153323976742187,0.03701772978546673,0.4162059977658752,0.5735256208289177,0.0,24.0,0.7354424575882622,0.0577,47.40393754243041,False
session,globo_recbole_sample,GRU4Rec,cuda,20,2048,2048,21.3,0.26,0.0,,,0.2436,0.3614,0.1608,0.1988,0.1337,0.1493,"globo_recbole_sample::GRU4Rec::{""dropout_prob"": 0.1, ""epochs"": 20, ""eval_batch_size"": 2048, ""hidden_size"": 256, ""learning_rate"": 0.001, ""loss_type"": ""CE"", ""model"": ""GRU4Rec"", ""num_layers"": 1, ""train_batch_size"": 2048, ""train_neg_sample_args"": null}",success,,27.36,"{""dropout_prob"": 0.1, ""epochs"": 20, ""eval_batch_size"": 2048, ""hidden_size"": 256, ""learning_rate"": 0.001, ""loss_type"": ""CE"", ""model"": ""GRU4Rec"", ""num_layers"": 1, ""train_batch_size"": 2048, ""train_neg_sample_args"": null}",,,,,256.0,0.001,0.1,1.0,CE,,session,F:\TimeAware Popularity Models and Fair Evaluation\recbole_results\tuning_results\session_full_tuning_results.csv,True,,,,,,,0.456,0.3274122807017543,0.4359649122807017,0.7925438596491228,0.7785087719298246,0.009502923976608188,0.0,1.0,1.0,0.0,1.7847358121330723,True
session,globo_recbole_sample,VS-KNN,cuda,1,2048,1024,234.19,496.87,0.0,500.0,500.0,0.1936,0.3597,0.0898,0.1436,0.0565,0.0787,"globo_recbole_sample::VS-KNN::{""vsknn_k"": 500, ""vsknn_sample_size"": 500}",success,,738.02,"{""vsknn_k"": 500, ""vsknn_sample_size"": 500}",,,,,,,,,,,session,F:\TimeAware Popularity Models and Fair Evaluation\recbole_results\tuning_results\session_full_tuning_results.csv,True,,,,,,,12.300333333333333,0.006398200590769899,0.011674480366385735,0.02924310994281998,0.31732202379339314,0.6732473374705292,0.0,33.0,0.5271265907568654,0.07059999999999998,48.14220482713633,False
session,globo_recbole_sample,VSTAN,cuda,1,2048,1024,90.68,190.08,0.0,,,0.2026,0.3644,0.0958,0.1482,0.0614,0.0831,"globo_recbole_sample::VSTAN::{""vstan_idf_weighting"": false, ""vstan_k"": 200, ""vstan_position_decay"": 0.2, ""vstan_sample_size"": 500}",success,,287.73,"{""vstan_idf_weighting"": false, ""vstan_k"": 200, ""vstan_position_decay"": 0.2, ""vstan_sample_size"": 500}",200.0,500.0,0.2,False,,,,,,,session,F:\TimeAware Popularity Models and Fair Evaluation\recbole_results\tuning_results\session_full_tuning_results.csv,True,,,,,,,4.7955000000000005,0.017328745699092898,0.030903972474194553,0.07598790532791158,0.3151565703958572,0.6606193306224586,0.0,19.0,0.5565974547890155,0.0662,18.76908023483366,False
session,yoochoose_recbole_sample,GRU4Rec,cuda,20,2048,2048,26.14,0.28,0.0,,,0.379,0.4818,0.2693,0.3027,0.2331,0.2469,"yoochoose_recbole_sample::GRU4Rec::{""dropout_prob"": 0.1, ""epochs"": 20, ""eval_batch_size"": 2048, ""hidden_size"": 256, ""learning_rate"": 0.001, ""loss_type"": ""CE"", ""model"": ""GRU4Rec"", ""num_layers"": 1, ""train_batch_size"": 2048, ""train_neg_sample_args"": null}",success,,32.13,"{""dropout_prob"": 0.1, ""epochs"": 20, ""eval_batch_size"": 2048, ""hidden_size"": 256, ""learning_rate"": 0.001, ""loss_type"": ""CE"", ""model"": ""GRU4Rec"", ""num_layers"": 1, ""train_batch_size"": 2048, ""train_neg_sample_args"": null}",,,,,256.0,0.001,0.1,1.0,CE,,session,F:\TimeAware Popularity Models and Fair Evaluation\recbole_results\tuning_results\session_full_tuning_results.csv,True,,,,,,,0.5355000000000001,0.46106442577030804,0.565266106442577,0.899719887955182,0.8135698723934017,0.008714596949891068,0.0,64.0,0.8903714388748648,0.030399999999999983,1.8412607449856735,True
session,yoochoose_recbole_sample,VS-KNN,cuda,1,2048,1024,179.41,271.47,0.0,200.0,500.0,0.3987,0.4987,0.2862,0.3187,0.249,0.2625,"yoochoose_recbole_sample::VS-KNN::{""vsknn_k"": 200, ""vsknn_sample_size"": 500}",success,,458.5,"{""vsknn_k"": 200, ""vsknn_sample_size"": 500}",,,,,,,,,,,session,F:\TimeAware Popularity Models and Fair Evaluation\recbole_results\tuning_results\session_full_tuning_results.csv,True,,,,,,,7.641666666666667,0.03435114503816794,0.04170556161395856,0.06526063249727372,0.39129770992366414,0.5920828789531081,0.0,52.0,0.9466282005048684,0.01479999999999998,26.275071633237822,False
session,yoochoose_recbole_sample,VSTAN,cuda,1,2048,1024,213.93,319.72,0.0,,,0.4277,0.5334,0.304,0.3384,0.263,0.2773,"yoochoose_recbole_sample::VSTAN::{""vstan_idf_weighting"": true, ""vstan_k"": 200, ""vstan_position_decay"": 0.2, ""vstan_sample_size"": 500}",success,,541.25,"{""vstan_idf_weighting"": true, ""vstan_k"": 200, ""vstan_position_decay"": 0.2, ""vstan_sample_size"": 500}",200.0,500.0,0.2,True,,,,,,,session,F:\TimeAware Popularity Models and Fair Evaluation\recbole_results\tuning_results\session_full_tuning_results.csv,True,,,,,,,9.020833333333334,0.030739953810623555,0.03751316397228637,0.059129792147806,0.3952517321016166,0.5907066974595844,0.0,1.0,1.0,0.0,31.017191977077363,True
topn,amazon_recbole,BPR,cuda,50,2048,2048,11339.37,1250.51,287.52,,,0.0625,0.0754,0.0532,0.0573,0.0502,0.0519,"amazon_recbole::BPR::{""embedding_size"": 128, ""epochs"": 50, ""learning_rate"": 0.001, ""train_neg_sample_args"": {""alpha"": 1.0, ""candidate_num"": 0, ""distribution"": ""uniform"", ""dynamic"": false, ""sample_num"": 1}}",success,,12903.07,"{""embedding_size"": 128, ""epochs"": 50, ""learning_rate"": 0.001, ""train_neg_sample_args"": {""alpha"": 1.0, ""candidate_num"": 0, ""distribution"": ""uniform"", ""dynamic"": false, ""sample_num"": 1}}",,,,,,0.001,,,,"{'distribution': 'uniform', 'sample_num': 1, 'alpha': 1.0, 'dynamic': False, 'candidate_num': 0}",topn,F:\TimeAware Popularity Models and Fair Evaluation\recbole_results\tuning_results\topn_full_tuning_results.csv,True,0.4662266245557267,875.0028730542084,2026-05-24T18:57:39,,,128.0,215.05116666666666,0.00024133791415531343,0.00026644821736222465,0.0003506142336668715,0.878811786652324,0.09691569525702023,0.022283069068058995,1.0,1.0,0.0,7.867245899640266,True
topn,amazon_recbole,DecayPop,cuda,1,2048,2048,208.93,1162.02,261.4,,,0.0163,0.026,0.0105,0.0136,0.0087,0.01,"amazon_recbole::DecayPop::{""decay_lambda"": 5e-09}",success,,1670.23,"{""decay_lambda"": 5e-09}",,,,,,,,,,,topn,F:\TimeAware Popularity Models and Fair Evaluation\recbole_results\tuning_results\topn_full_tuning_results.csv,True,0.0001549040025473,3197.8703986068463,2026-05-24T16:10:18,,5e-09,,27.83716666666667,0.0003592319620651048,0.0004885554684085425,0.0009340031013692724,0.12509055639043726,0.6957245409314885,0.15650539147303064,11.0,0.1926782273603083,0.0419,1.0183708310468875,True
topn,amazon_recbole,MostPop,cuda,1,2048,2048,202.91,1160.37,273.1,,,0.0159,0.0236,0.01,0.0124,0.0081,0.0091,amazon_recbole::MostPop::{},success,,1663.41,{},,,,,,,,,,,topn,F:\TimeAware Popularity Models and Fair Evaluation\recbole_results\tuning_results\topn_full_tuning_results.csv,True,0.0001549040025473,3421.4669257370565,2026-05-24T12:29:34,,,,27.7235,0.00032824138366367885,0.00044727397334391397,0.0008512633686222879,0.12198435743442686,0.69758508124876,0.16418080930137488,15.0,0.17533718689788055,0.042800000000000005,1.014212548015365,False
topn,amazon_recbole,RecentPop,cuda,1,2048,2048,244.54,1196.88,260.33,,,0.0059,0.0131,0.0033,0.0055,0.0025,0.0034,"amazon_recbole::RecentPop::{""window_days"": 180}",success,,1730.85,"{""window_days"": 180}",,,,,,,,,,,topn,F:\TimeAware Popularity Models and Fair Evaluation\recbole_results\tuning_results\topn_full_tuning_results.csv,True,0.0001204808908701,818.4639594331145,2026-05-24T12:56:54,180.0,,,28.8475,0.00011786116647889765,0.00019065776930409913,0.0004541121414333998,0.1412831845624982,0.6914983967414855,0.1504058699482913,18.0,0.06551059730250482,0.0485,1.0553319919517103,False
topn,movielens_recbole,BPR,cuda,50,2048,2048,4951.15,78.57,48.62,,,0.2422,0.3546,0.0786,0.084,0.1398,0.1546,"movielens_recbole::BPR::{""embedding_size"": 32, ""epochs"": 50, ""learning_rate"": 0.0005, ""train_neg_sample_args"": {""alpha"": 1.0, ""candidate_num"": 0, ""distribution"": ""uniform"", ""dynamic"": false, ""sample_num"": 1}}",success,,5134.07,"{""embedding_size"": 32, ""epochs"": 50, ""learning_rate"": 0.0005, ""train_neg_sample_args"": {""alpha"": 1.0, ""candidate_num"": 0, ""distribution"": ""uniform"", ""dynamic"": false, ""sample_num"": 1}}",,,,,,0.0005,,,,"{'distribution': 'uniform', 'sample_num': 1, 'alpha': 1.0, 'dynamic': False, 'candidate_num': 0}",topn,F:\TimeAware Popularity Models and Fair Evaluation\recbole_results\tuning_results\topn_full_tuning_results.csv,True,0.1837352776219854,26288.177535326697,2026-05-23T15:51:14,,,32.0,85.56783333333333,0.0018067537061239912,0.0009816773047504224,0.004144080622196426,0.9643713467093359,0.01530364798298426,0.009470069554953477,1.0,1.0,0.0,18.038331810835498,True
topn,movielens_recbole,DecayPop,cuda,1,2048,2048,98.74,78.58,47.38,,,0.1734,0.251,0.0535,0.0558,0.0962,0.1065,"movielens_recbole::DecayPop::{""decay_lambda"": 1e-09}",success,,423.75,"{""decay_lambda"": 1e-09}",,,,,,,,,,,topn,F:\TimeAware Popularity Models and Fair Evaluation\recbole_results\tuning_results\topn_full_tuning_results.csv,True,0.0134230697326603,47055.27381239485,2026-05-23T15:03:11,,1e-09,,7.0625,0.015079646017699115,0.007900884955752212,0.03553982300884956,0.23301474926253687,0.1854395280235988,0.11181120943952803,11.0,0.6888745148771023,0.04809999999999999,1.4888272082074345,True
topn,movielens_recbole,MostPop,cuda,1,2048,2048,101.67,78.86,49.17,,,0.1697,0.2479,0.053,0.0555,0.0958,0.1062,movielens_recbole::MostPop::{},success,,284.62,{},,,,,,,,,,,topn,F:\TimeAware Popularity Models and Fair Evaluation\recbole_results\tuning_results\topn_full_tuning_results.csv,True,0.0138717517292951,47378.196128324176,2026-05-23T14:14:42,,,,4.743666666666667,0.02238774506359356,0.011699810273346918,0.0522591525542829,0.357213126273628,0.2770711826294709,0.17275665800014053,12.0,0.6869340232858991,0.048399999999999985,1.0,True
topn,movielens_recbole,RecentPop,cuda,1,2048,2048,97.98,76.6,46.85,,,0.1203,0.1997,0.0355,0.0395,0.0674,0.0776,"movielens_recbole::RecentPop::{""window_days"": 30}",success,,339.24,"{""window_days"": 30}",,,,,,,,,,,topn,F:\TimeAware Popularity Models and Fair Evaluation\recbole_results\tuning_results\topn_full_tuning_results.csv,True,0.0051598429613011,31515.006039294403,2026-05-23T14:20:34,30.0,,,5.654,0.013724796604174036,0.006986204457021578,0.035320127343473645,0.2888220728687655,0.22579884447588724,0.13810281806390756,19.0,0.5019404915912031,0.07699999999999999,1.1919049961351977,False
