model,dataset,device,epochs,train_batch_size,eval_batch_size,train_runtime_seconds,eval_runtime_seconds,extra_metrics_runtime_seconds,vsknn_k,vsknn_sample_size,hit@5,hit@10,ndcg@5,ndcg@10,mrr@5,mrr@10,run_id,status,error_message,runtime_seconds,config_json,vstan_k,vstan_sample_size,vstan_position_decay,vstan_idf_weighting,hidden_size,learning_rate,dropout_prob,num_layers,loss_type,train_neg_sample_args,experiment_type,experiment_name,source_file,has_experiment_log,coverage@10,avg_recommendation_popularity@10,logged_at,window_days,decay_lambda,embedding_size,runtime_minutes,mrr@10_per_minute,ndcg@10_per_minute,hit@10_per_minute,train_runtime_share,eval_runtime_share,extra_metrics_runtime_share,rank_by_mrr@10,relative_mrr@10_to_dataset_best,mrr@10_gap_to_dataset_best,runtime_relative_to_dataset_fastest,quality_runtime_pareto_efficient
VSTAN,yoochoose_recbole_sample,cuda,1,2048,1024,213.93,319.72,0.0,,,0.4277,0.5334,0.304,0.3384,0.263,0.2773,"yoochoose_recbole_sample::VSTAN::{""vstan_idf_weighting"": true, ""vstan_k"": 200, ""vstan_position_decay"": 0.2, ""vstan_sample_size"": 500}",success,,541.25,"{""vstan_idf_weighting"": true, ""vstan_k"": 200, ""vstan_position_decay"": 0.2, ""vstan_sample_size"": 500}",200.0,500.0,0.2,True,,,,,,,session,session,F:\TimeAware Popularity Models and Fair Evaluation\recbole_results\tuning_results\session_full_tuning_results.csv,True,,,,,,,9.020833333333334,0.030739953810623555,0.03751316397228637,0.059129792147806,0.3952517321016166,0.5907066974595844,0.0,1.0,1.0,0.0,31.017191977077363,True
VSTAN,yoochoose_recbole_sample,cuda,1,2048,1024,652.31,985.92,0.0,,,0.4236,0.5276,0.3026,0.3364,0.2626,0.2766,"yoochoose_recbole_sample::VSTAN::{""vstan_idf_weighting"": true, ""vstan_k"": 500, ""vstan_position_decay"": 0.2, ""vstan_sample_size"": 500}",success,,1645.69,"{""vstan_idf_weighting"": true, ""vstan_k"": 500, ""vstan_position_decay"": 0.2, ""vstan_sample_size"": 500}",500.0,500.0,0.2,True,,,,,,,session,session,F:\TimeAware Popularity Models and Fair Evaluation\recbole_results\tuning_results\session_full_tuning_results.csv,True,,,,,,,27.428166666666666,0.010084523816757713,0.012264764323779083,0.01923570052683069,0.3963747728916138,0.5990921741032637,0.0,2.0,0.9974756581319871,0.0006999999999999784,94.30888252148998,False
VSTAN,yoochoose_recbole_sample,cuda,1,2048,1024,120.77,179.36,0.0,,,0.427,0.5276,0.3035,0.3362,0.2626,0.2762,"yoochoose_recbole_sample::VSTAN::{""vstan_idf_weighting"": true, ""vstan_k"": 100, ""vstan_position_decay"": 0.2, ""vstan_sample_size"": 500}",success,,308.06,"{""vstan_idf_weighting"": true, ""vstan_k"": 100, ""vstan_position_decay"": 0.2, ""vstan_sample_size"": 500}",100.0,500.0,0.2,True,,,,,,,session,session,F:\TimeAware Popularity Models and Fair Evaluation\recbole_results\tuning_results\session_full_tuning_results.csv,True,,,,,,,5.134333333333333,0.05379471531519834,0.06548075050314874,0.1027592027527105,0.3920340193468805,0.5822242420307733,0.0,3.0,0.9960331770645511,0.0010999999999999899,17.653868194842406,True
VSTAN,yoochoose_recbole_sample,cuda,1,2048,1024,253.7,382.91,0.0,,,0.4218,0.5247,0.3015,0.3349,0.2616,0.2756,"yoochoose_recbole_sample::VSTAN::{""vstan_idf_weighting"": true, ""vstan_k"": 200, ""vstan_position_decay"": 0.2, ""vstan_sample_size"": 250}",success,,644.01,"{""vstan_idf_weighting"": true, ""vstan_k"": 200, ""vstan_position_decay"": 0.2, ""vstan_sample_size"": 250}",200.0,250.0,0.2,True,,,,,,,session,session,F:\TimeAware Popularity Models and Fair Evaluation\recbole_results\tuning_results\session_full_tuning_results.csv,True,,,,,,,10.7335,0.025676619928261986,0.0312013788605767,0.048884334094191094,0.3939379823294669,0.5945715128647071,0.0,4.0,0.9938694554633971,0.0016999999999999793,36.90601719197708,False
VSTAN,yoochoose_recbole_sample,cuda,1,2048,1024,377.66,576.14,0.0,,,0.4213,0.5239,0.3015,0.3348,0.2618,0.2756,"yoochoose_recbole_sample::VSTAN::{""vstan_idf_weighting"": true, ""vstan_k"": 500, ""vstan_position_decay"": 0.2, ""vstan_sample_size"": 250}",success,,961.42,"{""vstan_idf_weighting"": true, ""vstan_k"": 500, ""vstan_position_decay"": 0.2, ""vstan_sample_size"": 250}",500.0,250.0,0.2,True,,,,,,,session,session,F:\TimeAware Popularity Models and Fair Evaluation\recbole_results\tuning_results\session_full_tuning_results.csv,True,,,,,,,16.023666666666667,0.017199558985667034,0.020894094152399574,0.032695388071810445,0.39281479478271725,0.5992594287616234,0.0,4.0,0.9938694554633971,0.0016999999999999793,55.09570200573066,False
VSTAN,yoochoose_recbole_sample,cuda,1,2048,1024,119.65,178.03,0.0,,,0.4247,0.5252,0.3024,0.3351,0.2619,0.2755,"yoochoose_recbole_sample::VSTAN::{""vstan_idf_weighting"": true, ""vstan_k"": 100, ""vstan_position_decay"": 0.2, ""vstan_sample_size"": 250}",success,,305.48,"{""vstan_idf_weighting"": true, ""vstan_k"": 100, ""vstan_position_decay"": 0.2, ""vstan_sample_size"": 250}",100.0,250.0,0.2,True,,,,,,,session,session,F:\TimeAware Popularity Models and Fair Evaluation\recbole_results\tuning_results\session_full_tuning_results.csv,True,,,,,,,5.091333333333334,0.05411156213172712,0.0658177294749247,0.10315568940683513,0.3916786696346733,0.5827877438784863,0.0,6.0,0.9935088351965382,0.0017999999999999683,17.50601719197708,True
VSTAN,yoochoose_recbole_sample,cuda,1,2048,1024,208.3,310.77,0.0,,,0.4197,0.5251,0.2997,0.334,0.26,0.2743,"yoochoose_recbole_sample::VSTAN::{""vstan_idf_weighting"": false, ""vstan_k"": 200, ""vstan_position_decay"": 0.2, ""vstan_sample_size"": 500}",success,,526.53,"{""vstan_idf_weighting"": false, ""vstan_k"": 200, ""vstan_position_decay"": 0.2, ""vstan_sample_size"": 500}",200.0,500.0,0.2,False,,,,,,,session,session,F:\TimeAware Popularity Models and Fair Evaluation\recbole_results\tuning_results\session_full_tuning_results.csv,True,,,,,,,8.7755,0.03125747820637001,0.03806050937268532,0.05983704632214689,0.39560898714223314,0.5902227793288132,0.0,7.0,0.98918139199423,0.0030000000000000027,30.173638968481374,False
VSTAN,yoochoose_recbole_sample,cuda,1,2048,1024,116.25,172.58,0.0,,,0.4204,0.521,0.3001,0.3329,0.2603,0.274,"yoochoose_recbole_sample::VSTAN::{""vstan_idf_weighting"": false, ""vstan_k"": 100, ""vstan_position_decay"": 0.2, ""vstan_sample_size"": 500}",success,,296.72,"{""vstan_idf_weighting"": false, ""vstan_k"": 100, ""vstan_position_decay"": 0.2, ""vstan_sample_size"": 500}",100.0,500.0,0.2,False,,,,,,,session,session,F:\TimeAware Popularity Models and Fair Evaluation\recbole_results\tuning_results\session_full_tuning_results.csv,True,,,,,,,4.945333333333334,0.05540576974925856,0.06731598813696413,0.10535184685899163,0.3917834995955783,0.5816257751415476,0.0,8.0,0.9880995311936532,0.0032999999999999696,17.004011461318054,True
VSTAN,yoochoose_recbole_sample,cuda,1,2048,1024,644.75,974.74,0.0,,,0.4166,0.5196,0.2985,0.3319,0.2594,0.2733,"yoochoose_recbole_sample::VSTAN::{""vstan_idf_weighting"": false, ""vstan_k"": 500, ""vstan_position_decay"": 0.2, ""vstan_sample_size"": 500}",success,,1626.95,"{""vstan_idf_weighting"": false, ""vstan_k"": 500, ""vstan_position_decay"": 0.2, ""vstan_sample_size"": 500}",500.0,500.0,0.2,False,,,,,,,session,session,F:\TimeAware Popularity Models and Fair Evaluation\recbole_results\tuning_results\session_full_tuning_results.csv,True,,,,,,,27.115833333333335,0.010078982144503519,0.012240081133409138,0.019162236085927653,0.3962936783552045,0.5991210547343188,0.0,9.0,0.98557518932564,0.0040000000000000036,93.23495702005731,False
VSTAN,yoochoose_recbole_sample,cuda,1,2048,1024,116.82,172.92,0.0,,,0.4172,0.5178,0.2983,0.3311,0.259,0.2726,"yoochoose_recbole_sample::VSTAN::{""vstan_idf_weighting"": false, ""vstan_k"": 100, ""vstan_position_decay"": 0.2, ""vstan_sample_size"": 250}",success,,297.47,"{""vstan_idf_weighting"": false, ""vstan_k"": 100, ""vstan_position_decay"": 0.2, ""vstan_sample_size"": 250}",100.0,250.0,0.2,False,,,,,,,session,session,F:\TimeAware Popularity Models and Fair Evaluation\recbole_results\tuning_results\session_full_tuning_results.csv,True,,,,,,,4.957833333333334,0.0549836958348741,0.06678320502907856,0.10444078394459945,0.3927118701045483,0.5813023161999529,0.0,10.0,0.9830508474576272,0.004699999999999982,17.046991404011465,False
VSTAN,yoochoose_recbole_sample,cuda,1,2048,1024,367.83,566.27,0.0,,,0.4146,0.5156,0.2976,0.3304,0.2589,0.2725,"yoochoose_recbole_sample::VSTAN::{""vstan_idf_weighting"": false, ""vstan_k"": 500, ""vstan_position_decay"": 0.2, ""vstan_sample_size"": 250}",success,,941.71,"{""vstan_idf_weighting"": false, ""vstan_k"": 500, ""vstan_position_decay"": 0.2, ""vstan_sample_size"": 250}",500.0,250.0,0.2,False,,,,,,,session,session,F:\TimeAware Popularity Models and Fair Evaluation\recbole_results\tuning_results\session_full_tuning_results.csv,True,,,,,,,15.695166666666667,0.017362032897601173,0.021051066676577718,0.032850877658727205,0.3905979547843816,0.6013210011574688,0.0,11.0,0.9826902271907683,0.004799999999999971,53.96618911174785,False
VSTAN,yoochoose_recbole_sample,cuda,1,2048,1024,250.32,378.0,0.0,,,0.4148,0.5164,0.2976,0.3306,0.2587,0.2725,"yoochoose_recbole_sample::VSTAN::{""vstan_idf_weighting"": false, ""vstan_k"": 200, ""vstan_position_decay"": 0.2, ""vstan_sample_size"": 250}",success,,635.72,"{""vstan_idf_weighting"": false, ""vstan_k"": 200, ""vstan_position_decay"": 0.2, ""vstan_sample_size"": 250}",200.0,250.0,0.2,False,,,,,,,session,session,F:\TimeAware Popularity Models and Fair Evaluation\recbole_results\tuning_results\session_full_tuning_results.csv,True,,,,,,,10.595333333333334,0.025718869942742088,0.031202416158057005,0.04873843830617252,0.39375825835273387,0.5946013968413767,0.0,11.0,0.9826902271907683,0.004799999999999971,36.43094555873926,False
VSTAN,yoochoose_recbole_sample,cuda,1,2048,1024,173.89,265.55,0.0,,,0.4139,0.5094,0.298,0.3291,0.2596,0.2725,"yoochoose_recbole_sample::VSTAN::{""vstan_idf_weighting"": true, ""vstan_k"": 100, ""vstan_position_decay"": 0.2, ""vstan_sample_size"": 100}",success,,447.19,"{""vstan_idf_weighting"": true, ""vstan_k"": 100, ""vstan_position_decay"": 0.2, ""vstan_sample_size"": 100}",100.0,100.0,0.2,True,,,,,,,session,session,F:\TimeAware Popularity Models and Fair Evaluation\recbole_results\tuning_results\session_full_tuning_results.csv,True,,,,,,,7.453166666666666,0.03656164046602116,0.04415572799033968,0.0683467877188667,0.3888503767973344,0.5938191820031754,0.0,11.0,0.9826902271907683,0.004799999999999971,25.626934097421206,False
VSTAN,yoochoose_recbole_sample,cuda,1,2048,1024,174.45,266.31,0.0,,,0.4139,0.5094,0.298,0.3291,0.2596,0.2725,"yoochoose_recbole_sample::VSTAN::{""vstan_idf_weighting"": true, ""vstan_k"": 200, ""vstan_position_decay"": 0.2, ""vstan_sample_size"": 100}",success,,448.32,"{""vstan_idf_weighting"": true, ""vstan_k"": 200, ""vstan_position_decay"": 0.2, ""vstan_sample_size"": 100}",200.0,100.0,0.2,True,,,,,,,session,session,F:\TimeAware Popularity Models and Fair Evaluation\recbole_results\tuning_results\session_full_tuning_results.csv,True,,,,,,,7.4719999999999995,0.036469486081370454,0.04404443254817988,0.0681745182012848,0.3891193790149893,0.5940176659528908,0.0,11.0,0.9826902271907683,0.004799999999999971,25.69169054441261,False
VSTAN,yoochoose_recbole_sample,cuda,1,2048,1024,170.03,259.43,0.0,,,0.4139,0.5094,0.298,0.3291,0.2596,0.2725,"yoochoose_recbole_sample::VSTAN::{""vstan_idf_weighting"": true, ""vstan_k"": 500, ""vstan_position_decay"": 0.2, ""vstan_sample_size"": 100}",success,,436.84,"{""vstan_idf_weighting"": true, ""vstan_k"": 500, ""vstan_position_decay"": 0.2, ""vstan_sample_size"": 100}",500.0,100.0,0.2,True,,,,,,,session,session,F:\TimeAware Popularity Models and Fair Evaluation\recbole_results\tuning_results\session_full_tuning_results.csv,True,,,,,,,7.280666666666666,0.03742789121875287,0.045201904587491994,0.06996612031865214,0.3892271769984434,0.5938787656807986,0.0,11.0,0.9826902271907683,0.004799999999999971,25.033810888252148,False
VSTAN,yoochoose_recbole_sample,cuda,1,2048,1024,651.11,985.25,0.0,,,0.4136,0.5164,0.2967,0.33,0.2579,0.2718,"yoochoose_recbole_sample::VSTAN::{""vstan_idf_weighting"": true, ""vstan_k"": 500, ""vstan_position_decay"": 0.1, ""vstan_sample_size"": 500}",success,,1643.76,"{""vstan_idf_weighting"": true, ""vstan_k"": 500, ""vstan_position_decay"": 0.1, ""vstan_sample_size"": 500}",500.0,500.0,0.1,True,,,,,,,session,session,F:\TimeAware Popularity Models and Fair Evaluation\recbole_results\tuning_results\session_full_tuning_results.csv,True,,,,,,,27.396,0.009921156373193166,0.012045554095488393,0.01884946707548547,0.3961101377330024,0.5993879885141383,0.0,16.0,0.9801658853227552,0.005500000000000005,94.19828080229227,False
VSTAN,yoochoose_recbole_sample,cuda,1,2048,1024,207.06,309.62,0.0,,,0.4157,0.5204,0.2968,0.3309,0.2575,0.2716,"yoochoose_recbole_sample::VSTAN::{""vstan_idf_weighting"": true, ""vstan_k"": 200, ""vstan_position_decay"": 0.1, ""vstan_sample_size"": 500}",success,,523.87,"{""vstan_idf_weighting"": true, ""vstan_k"": 200, ""vstan_position_decay"": 0.1, ""vstan_sample_size"": 500}",200.0,500.0,0.1,True,,,,,,,session,session,F:\TimeAware Popularity Models and Fair Evaluation\recbole_results\tuning_results\session_full_tuning_results.csv,True,,,,,,,8.731166666666667,0.031106954015309142,0.03789871533013916,0.05960257315746272,0.3952507301429744,0.5910244908087885,0.0,17.0,0.9794446447890373,0.005699999999999983,30.021203438395418,False
VSTAN,yoochoose_recbole_sample,cuda,1,2048,1024,254.54,383.83,0.0,,,0.4124,0.5146,0.2957,0.3289,0.257,0.2708,"yoochoose_recbole_sample::VSTAN::{""vstan_idf_weighting"": true, ""vstan_k"": 200, ""vstan_position_decay"": 0.1, ""vstan_sample_size"": 250}",success,,646.11,"{""vstan_idf_weighting"": true, ""vstan_k"": 200, ""vstan_position_decay"": 0.1, ""vstan_sample_size"": 250}",200.0,250.0,0.1,True,,,,,,,session,session,F:\TimeAware Popularity Models and Fair Evaluation\recbole_results\tuning_results\session_full_tuning_results.csv,True,,,,,,,10.7685,0.025147420717834424,0.0305427868319636,0.047787528439429815,0.39395768522387825,0.5940629304607574,0.0,18.0,0.9765596826541652,0.006500000000000006,37.026361031518626,False
VSTAN,yoochoose_recbole_sample,cuda,1,2048,1024,379.63,582.32,0.0,,,0.4119,0.5126,0.2956,0.3283,0.2571,0.2707,"yoochoose_recbole_sample::VSTAN::{""vstan_idf_weighting"": true, ""vstan_k"": 500, ""vstan_position_decay"": 0.1, ""vstan_sample_size"": 250}",success,,969.36,"{""vstan_idf_weighting"": true, ""vstan_k"": 500, ""vstan_position_decay"": 0.1, ""vstan_sample_size"": 250}",500.0,250.0,0.1,True,,,,,,,session,session,F:\TimeAware Popularity Models and Fair Evaluation\recbole_results\tuning_results\session_full_tuning_results.csv,True,,,,,,,16.156,0.01675538499628621,0.020320623916811092,0.03172815053230998,0.3916295287612445,0.6007262523726996,0.0,19.0,0.9761990623873061,0.006599999999999995,55.55071633237823,False
VSTAN,yoochoose_recbole_sample,cuda,1,2048,1024,118.74,177.1,0.0,,,0.4128,0.5138,0.2952,0.3281,0.2563,0.27,"yoochoose_recbole_sample::VSTAN::{""vstan_idf_weighting"": true, ""vstan_k"": 100, ""vstan_position_decay"": 0.1, ""vstan_sample_size"": 500}",success,,303.69,"{""vstan_idf_weighting"": true, ""vstan_k"": 100, ""vstan_position_decay"": 0.1, ""vstan_sample_size"": 500}",100.0,500.0,0.1,True,,,,,,,session,session,F:\TimeAware Popularity Models and Fair Evaluation\recbole_results\tuning_results\session_full_tuning_results.csv,True,,,,,,,5.0615,0.053343870394151935,0.06482268102341204,0.10151140966116765,0.39099081300009875,0.5831604596792782,0.0,20.0,0.9736747205192933,0.007299999999999973,17.403438395415474,False
VSTAN,yoochoose_recbole_sample,cuda,1,2048,1024,115.82,172.86,0.0,,,0.4133,0.5136,0.2953,0.3279,0.2562,0.2698,"yoochoose_recbole_sample::VSTAN::{""vstan_idf_weighting"": true, ""vstan_k"": 100, ""vstan_position_decay"": 0.1, ""vstan_sample_size"": 250}",success,,296.48,"{""vstan_idf_weighting"": true, ""vstan_k"": 100, ""vstan_position_decay"": 0.1, ""vstan_sample_size"": 250}",100.0,250.0,0.1,True,,,,,,,session,session,F:\TimeAware Popularity Models and Fair Evaluation\recbole_results\tuning_results\session_full_tuning_results.csv,True,,,,,,,4.941333333333334,0.054600647598488934,0.06635860766324879,0.10393955747436588,0.3906502968159741,0.583041014570966,0.0,21.0,0.9729534799855751,0.007500000000000007,16.990257879656163,True
VSTAN,yoochoose_recbole_sample,cuda,1,2048,1024,172.94,263.02,0.0,,,0.4078,0.5037,0.2943,0.3255,0.2567,0.2697,"yoochoose_recbole_sample::VSTAN::{""vstan_idf_weighting"": false, ""vstan_k"": 200, ""vstan_position_decay"": 0.2, ""vstan_sample_size"": 100}",success,,443.5,"{""vstan_idf_weighting"": false, ""vstan_k"": 200, ""vstan_position_decay"": 0.2, ""vstan_sample_size"": 100}",200.0,100.0,0.2,False,,,,,,,session,session,F:\TimeAware Popularity Models and Fair Evaluation\recbole_results\tuning_results\session_full_tuning_results.csv,True,,,,,,,7.391666666666667,0.036487034949267194,0.04403607666290868,0.06814430665163473,0.3899436302142052,0.5930552423900789,0.0,22.0,0.9725928597187162,0.007599999999999996,25.41547277936963,False
VSTAN,yoochoose_recbole_sample,cuda,1,2048,1024,172.27,262.92,0.0,,,0.4078,0.5037,0.2943,0.3255,0.2567,0.2697,"yoochoose_recbole_sample::VSTAN::{""vstan_idf_weighting"": false, ""vstan_k"": 100, ""vstan_position_decay"": 0.2, ""vstan_sample_size"": 100}",success,,443.09,"{""vstan_idf_weighting"": false, ""vstan_k"": 100, ""vstan_position_decay"": 0.2, ""vstan_sample_size"": 100}",100.0,100.0,0.2,False,,,,,,,session,session,F:\TimeAware Popularity Models and Fair Evaluation\recbole_results\tuning_results\session_full_tuning_results.csv,True,,,,,,,7.384833333333333,0.036520797129251395,0.04407682412151031,0.06820736193549844,0.38879234467038304,0.5933783204315151,0.0,22.0,0.9725928597187162,0.007599999999999996,25.391977077363897,False
VSTAN,yoochoose_recbole_sample,cuda,1,2048,1024,168.06,259.8,0.0,,,0.4078,0.5037,0.2943,0.3255,0.2567,0.2697,"yoochoose_recbole_sample::VSTAN::{""vstan_idf_weighting"": false, ""vstan_k"": 500, ""vstan_position_decay"": 0.2, ""vstan_sample_size"": 100}",success,,435.09,"{""vstan_idf_weighting"": false, ""vstan_k"": 500, ""vstan_position_decay"": 0.2, ""vstan_sample_size"": 100}",500.0,100.0,0.2,False,,,,,,,session,session,F:\TimeAware Popularity Models and Fair Evaluation\recbole_results\tuning_results\session_full_tuning_results.csv,True,,,,,,,7.251499999999999,0.037192305040336486,0.04488726470385438,0.06946149072605669,0.3862649107081294,0.5971178376887541,0.0,22.0,0.9725928597187162,0.007599999999999996,24.933524355300857,False
VSTAN,yoochoose_recbole_sample,cuda,1,2048,1024,200.82,301.21,0.0,,,0.4083,0.5122,0.2928,0.3265,0.2546,0.2686,"yoochoose_recbole_sample::VSTAN::{""vstan_idf_weighting"": false, ""vstan_k"": 200, ""vstan_position_decay"": 0.1, ""vstan_sample_size"": 500}",success,,509.48,"{""vstan_idf_weighting"": false, ""vstan_k"": 200, ""vstan_position_decay"": 0.1, ""vstan_sample_size"": 500}",200.0,500.0,0.1,False,,,,,,,session,session,F:\TimeAware Popularity Models and Fair Evaluation\recbole_results\tuning_results\session_full_tuning_results.csv,True,,,,,,,8.491333333333333,0.03163225249273769,0.03845096961607914,0.060320326607521395,0.3941666012404805,0.5912106461490146,0.0,25.0,0.9686260367832673,0.008699999999999986,29.19656160458453,False
VSTAN,yoochoose_recbole_sample,cuda,1,2048,1024,651.23,985.22,0.0,,,0.4072,0.5083,0.2928,0.3256,0.2549,0.2686,"yoochoose_recbole_sample::VSTAN::{""vstan_idf_weighting"": true, ""vstan_k"": 500, ""vstan_position_decay"": 0.05, ""vstan_sample_size"": 500}",success,,1643.89,"{""vstan_idf_weighting"": true, ""vstan_k"": 500, ""vstan_position_decay"": 0.05, ""vstan_sample_size"": 500}",500.0,500.0,0.05,True,,,,,,,session,session,F:\TimeAware Popularity Models and Fair Evaluation\recbole_results\tuning_results\session_full_tuning_results.csv,True,,,,,,,27.39816666666667,0.009803575665038415,0.011884006837440462,0.018552336226876492,0.3961518106442645,0.5993223390859486,0.0,25.0,0.9686260367832673,0.008699999999999986,94.2057306590258,False
VSTAN,yoochoose_recbole_sample,cuda,1,2048,1024,644.82,975.43,0.0,,,0.4071,0.5084,0.2927,0.3255,0.2548,0.2684,"yoochoose_recbole_sample::VSTAN::{""vstan_idf_weighting"": false, ""vstan_k"": 500, ""vstan_position_decay"": 0.1, ""vstan_sample_size"": 500}",success,,1627.95,"{""vstan_idf_weighting"": false, ""vstan_k"": 500, ""vstan_position_decay"": 0.1, ""vstan_sample_size"": 500}",500.0,500.0,0.1,False,,,,,,,session,session,F:\TimeAware Popularity Models and Fair Evaluation\recbole_results\tuning_results\session_full_tuning_results.csv,True,,,,,,,27.1325,0.009892195706256336,0.011996682944807888,0.01873767621855708,0.3960932461070672,0.599176878896772,0.0,27.0,0.9679047962495494,0.008899999999999963,93.29226361031519,False
VSTAN,yoochoose_recbole_sample,cuda,1,2048,1024,114.85,171.21,0.0,,,0.4082,0.5093,0.2927,0.3255,0.2545,0.2681,"yoochoose_recbole_sample::VSTAN::{""vstan_idf_weighting"": false, ""vstan_k"": 100, ""vstan_position_decay"": 0.1, ""vstan_sample_size"": 500}",success,,293.97,"{""vstan_idf_weighting"": false, ""vstan_k"": 100, ""vstan_position_decay"": 0.1, ""vstan_sample_size"": 500}",100.0,500.0,0.1,False,,,,,,,session,session,F:\TimeAware Popularity Models and Fair Evaluation\recbole_results\tuning_results\session_full_tuning_results.csv,True,,,,,,,4.899500000000001,0.05471986937442595,0.06643535054597408,0.10394938259006019,0.39068612443446604,0.5824063679967343,0.0,28.0,0.9668229354489722,0.009199999999999986,16.846418338108883,True
VSTAN,yoochoose_recbole_sample,cuda,1,2048,1024,174.5,266.02,0.0,,,0.4059,0.5019,0.2926,0.3239,0.2551,0.2681,"yoochoose_recbole_sample::VSTAN::{""vstan_idf_weighting"": true, ""vstan_k"": 200, ""vstan_position_decay"": 0.1, ""vstan_sample_size"": 100}",success,,448.27,"{""vstan_idf_weighting"": true, ""vstan_k"": 200, ""vstan_position_decay"": 0.1, ""vstan_sample_size"": 100}",200.0,100.0,0.1,True,,,,,,,session,session,F:\TimeAware Popularity Models and Fair Evaluation\recbole_results\tuning_results\session_full_tuning_results.csv,True,,,,,,,7.471166666666666,0.03588462310660986,0.04335333615901132,0.06717826310036362,0.389274321279586,0.5934369910991144,0.0,28.0,0.9668229354489722,0.009199999999999986,25.688825214899712,False
VSTAN,yoochoose_recbole_sample,cuda,1,2048,1024,171.34,258.89,0.0,,,0.4059,0.5019,0.2926,0.3239,0.2551,0.2681,"yoochoose_recbole_sample::VSTAN::{""vstan_idf_weighting"": true, ""vstan_k"": 500, ""vstan_position_decay"": 0.1, ""vstan_sample_size"": 100}",success,,437.45,"{""vstan_idf_weighting"": true, ""vstan_k"": 500, ""vstan_position_decay"": 0.1, ""vstan_sample_size"": 100}",500.0,100.0,0.1,True,,,,,,,session,session,F:\TimeAware Popularity Models and Fair Evaluation\recbole_results\tuning_results\session_full_tuning_results.csv,True,,,,,,,7.2908333333333335,0.03677220253743285,0.04442564864555949,0.06883986741341867,0.39167904903417533,0.591816207566579,0.0,28.0,0.9668229354489722,0.009199999999999986,25.068767908309457,False
