experiment_type,dataset,model,device,epochs,train_batch_size,eval_batch_size,train_runtime_seconds,eval_runtime_seconds,extra_metrics_runtime_seconds,vsknn_k,vsknn_sample_size,hit@5,hit@10,ndcg@5,ndcg@10,mrr@5,mrr@10,run_id,status,error_message,runtime_seconds,config_json,vstan_k,vstan_sample_size,vstan_position_decay,vstan_idf_weighting,hidden_size,learning_rate,dropout_prob,num_layers,loss_type,train_neg_sample_args,window_days,decay_lambda,vsknn_popularity_weight,vstan_popularity_weight,experiment_name,source_file,has_experiment_log,coverage@10,avg_recommendation_popularity@10,logged_at,embedding_size,runtime_minutes,mrr@10_per_minute,ndcg@10_per_minute,hit@10_per_minute,train_runtime_share,eval_runtime_share,extra_metrics_runtime_share,rank_by_mrr@10,relative_mrr@10_to_dataset_best,mrr@10_gap_to_dataset_best,runtime_relative_to_dataset_fastest,quality_runtime_pareto_efficient,primary_metric,primary_metric_name,primary_metric_per_runtime_second
session,adressa_recbole_sample,DecayPop,cuda,1,2048,1024,0.75,0.2,0.0,,,0.2398,0.3734,0.1425,0.1841,0.1106,0.1268,"adressa_recbole_sample::DecayPop::{""decay_lambda"": 5e-09}",success,,7.94,"{""decay_lambda"": 5e-09}",,,,,,,,,,,,5e-09,,,session,F:\TimeAware Popularity Models and Fair Evaluation\recbole_results\tuning_results\session_full_tuning_results.csv,True,,,,,0.13233333333333333,0.9581863979848867,1.3911838790931992,2.821662468513854,0.09445843828715365,0.02518891687657431,0.0,123.0,0.5813846859238881,0.09129999999999999,1.2425665101721441,False,0.1268,mrr@10,0.015969773299748108
session,adressa_recbole_sample,GRU4Rec,cuda,10,2048,2048,9.08,0.2,0.0,,,0.312,0.4794,0.2037,0.2576,0.1682,0.1903,"adressa_recbole_sample::GRU4Rec::{""dropout_prob"": 0.1, ""epochs"": 10, ""eval_batch_size"": 2048, ""hidden_size"": 128, ""learning_rate"": 0.001, ""loss_type"": ""CE"", ""model"": ""GRU4Rec"", ""num_layers"": 1, ""train_batch_size"": 2048, ""train_neg_sample_args"": null}",success,,14.84,"{""dropout_prob"": 0.1, ""epochs"": 10, ""eval_batch_size"": 2048, ""hidden_size"": 128, ""learning_rate"": 0.001, ""loss_type"": ""CE"", ""model"": ""GRU4Rec"", ""num_layers"": 1, ""train_batch_size"": 2048, ""train_neg_sample_args"": null}",,,,,128.0,0.001,0.1,1.0,CE,,,,,,session,F:\TimeAware Popularity Models and Fair Evaluation\recbole_results\tuning_results\session_full_tuning_results.csv,True,,,,,0.24733333333333332,0.7694070080862534,1.0415094339622641,1.9382749326145554,0.6118598382749326,0.013477088948787063,0.0,7.0,0.8725355341586428,0.02779999999999999,2.322378716744914,True,0.1903,mrr@10,0.012823450134770889
session,adressa_recbole_sample,MostPop,cuda,1,2048,1024,0.74,0.2,0.0,,,0.2398,0.3734,0.1425,0.1841,0.1106,0.1268,adressa_recbole_sample::MostPop::{},success,,6.4,{},,,,,,,,,,,,,,,session,F:\TimeAware Popularity Models and Fair Evaluation\recbole_results\tuning_results\session_full_tuning_results.csv,True,,,,,0.10666666666666667,1.18875,1.7259375000000001,3.500625,0.11562499999999999,0.03125,0.0,123.0,0.5813846859238881,0.09129999999999999,1.001564945226917,False,0.1268,mrr@10,0.019812499999999997
session,adressa_recbole_sample,RecentPop,cuda,1,2048,1024,0.75,0.21,0.0,,,0.2486,0.3815,0.1459,0.1884,0.1123,0.1296,"adressa_recbole_sample::RecentPop::{""window_days"": 1}",success,,6.48,"{""window_days"": 1}",,,,,,,,,,,1.0,,,,session,F:\TimeAware Popularity Models and Fair Evaluation\recbole_results\tuning_results\session_full_tuning_results.csv,True,,,,,0.10800000000000001,1.1999999999999997,1.7444444444444442,3.532407407407407,0.11574074074074073,0.032407407407407406,0.0,110.0,0.594222833562586,0.0885,1.0140845070422537,True,0.1296,mrr@10,0.019999999999999997
session,adressa_recbole_sample,VS-KNN,cuda,1,2048,1024,1126.18,1529.99,0.0,100,250,0.2516,0.4118,0.1563,0.208,0.1254,0.1466,"adressa_recbole_sample::VS-KNN::{""vsknn_k"": 100, ""vsknn_popularity_weight"": 0.0, ""vsknn_sample_size"": 250}",success,,2663.77,"{""vsknn_k"": 100, ""vsknn_popularity_weight"": 0.0, ""vsknn_sample_size"": 250}",,,,,,,,,,,,,0.0,,session,F:\TimeAware Popularity Models and Fair Evaluation\recbole_results\tuning_results\session_full_tuning_results.csv,True,,,,,44.396166666666666,0.003302086891886312,0.004685089178119732,0.00927557559398897,0.42277674123516673,0.5743701595858501,0.0,68.0,0.6721687299403943,0.07149999999999998,416.86541471048514,False,0.1466,mrr@10,5.5034781531438525e-05
session,adressa_recbole_sample,VSTAN,cuda,1,2048,1024,1174.75,1587.44,0.0,,,0.2763,0.4308,0.1741,0.224,0.1408,0.1613,"adressa_recbole_sample::VSTAN::{""vstan_idf_weighting"": false, ""vstan_k"": 100, ""vstan_popularity_weight"": 0.0, ""vstan_position_decay"": 0.2, ""vstan_sample_size"": 250}",success,,2770.13,"{""vstan_idf_weighting"": false, ""vstan_k"": 100, ""vstan_popularity_weight"": 0.0, ""vstan_position_decay"": 0.2, ""vstan_sample_size"": 250}",100,250,0.2,False,,,,,,,,,,0.0,session,F:\TimeAware Popularity Models and Fair Evaluation\recbole_results\tuning_results\session_full_tuning_results.csv,True,,,,,46.16883333333333,0.0034936988516784413,0.004851757859739435,0.00933097002667745,0.42407757036673366,0.573056138159581,0.0,23.0,0.739569005043558,0.05679999999999999,433.510172143975,False,0.1613,mrr@10,5.822831419464068e-05
session,globo_recbole_sample,DecayPop,cuda,1,2048,1024,0.92,0.22,0.0,,,0.0346,0.0626,0.0226,0.0316,0.0188,0.0224,"globo_recbole_sample::DecayPop::{""decay_lambda"": 1e-08}",success,,8.57,"{""decay_lambda"": 1e-08}",,,,,,,,,,,,1e-08,,,session,F:\TimeAware Popularity Models and Fair Evaluation\recbole_results\tuning_results\session_full_tuning_results.csv,True,,,,,0.14283333333333334,0.15682613768961493,0.22123687281213536,0.4382730455075846,0.1073512252042007,0.025670945157526253,0.0,153.0,0.15003348961821836,0.12689999999999999,1.2791044776119402,False,0.0224,mrr@10,0.002613768961493582
session,globo_recbole_sample,GRU4Rec,cuda,10,2048,2048,9.52,0.25,0.0,,,0.2091,0.3195,0.1341,0.1697,0.1096,0.1241,"globo_recbole_sample::GRU4Rec::{""dropout_prob"": 0.2, ""epochs"": 10, ""eval_batch_size"": 2048, ""hidden_size"": 100, ""learning_rate"": 0.001, ""loss_type"": ""CE"", ""model"": ""GRU4Rec"", ""num_layers"": 1, ""train_batch_size"": 2048, ""train_neg_sample_args"": null}",success,,15.51,"{""dropout_prob"": 0.2, ""epochs"": 10, ""eval_batch_size"": 2048, ""hidden_size"": 100, ""learning_rate"": 0.001, ""loss_type"": ""CE"", ""model"": ""GRU4Rec"", ""num_layers"": 1, ""train_batch_size"": 2048, ""train_neg_sample_args"": null}",,,,,100.0,0.001,0.2,1.0,CE,,,,,,session,F:\TimeAware Popularity Models and Fair Evaluation\recbole_results\tuning_results\session_full_tuning_results.csv,True,,,,,0.2585,0.48007736943907153,0.6564796905222436,1.2359767891682785,0.6137975499677627,0.016118633139909737,0.0,9.0,0.8312123241795044,0.025199999999999986,2.3149253731343284,True,0.1241,mrr@10,0.008001289490651193
session,globo_recbole_sample,MostPop,cuda,1,2048,1024,1.0,0.22,0.0,,,0.0346,0.0626,0.0226,0.0316,0.0188,0.0224,globo_recbole_sample::MostPop::{},success,,6.93,{},,,,,,,,,,,,,,,session,F:\TimeAware Popularity Models and Fair Evaluation\recbole_results\tuning_results\session_full_tuning_results.csv,True,,,,,0.11549999999999999,0.19393939393939394,0.27359307359307367,0.541991341991342,0.14430014430014432,0.031746031746031744,0.0,153.0,0.15003348961821836,0.12689999999999999,1.034328358208955,False,0.0224,mrr@10,0.0032323232323232323
session,globo_recbole_sample,RecentPop,cuda,1,2048,1024,0.9,0.3,0.0,,,0.0346,0.0626,0.0226,0.0316,0.0188,0.0224,"globo_recbole_sample::RecentPop::{""window_days"": 180}",success,,6.81,"{""window_days"": 180}",,,,,,,,,,,180.0,,,,session,F:\TimeAware Popularity Models and Fair Evaluation\recbole_results\tuning_results\session_full_tuning_results.csv,True,,,,,0.11349999999999999,0.19735682819383263,0.2784140969162996,0.5515418502202644,0.13215859030837004,0.04405286343612335,0.0,153.0,0.15003348961821836,0.12689999999999999,1.016417910447761,True,0.0224,mrr@10,0.00328928046989721
session,globo_recbole_sample,VS-KNN,cuda,1,2048,1024,65.49,136.33,0.0,100,500,0.1199,0.2206,0.0569,0.0893,0.0365,0.0498,"globo_recbole_sample::VS-KNN::{""vsknn_k"": 100, ""vsknn_popularity_weight"": 0.0, ""vsknn_sample_size"": 500}",success,,209.18,"{""vsknn_k"": 100, ""vsknn_popularity_weight"": 0.0, ""vsknn_sample_size"": 500}",,,,,,,,,,,,,0.0,,session,F:\TimeAware Popularity Models and Fair Evaluation\recbole_results\tuning_results\session_full_tuning_results.csv,True,,,,,3.4863333333333335,0.014284348408069603,0.025614303470695095,0.06327564776747298,0.3130796443254613,0.6517353475475667,0.0,99.0,0.333556597454789,0.09949999999999999,31.22089552238806,False,0.0498,mrr@10,0.00023807247346782672
session,globo_recbole_sample,VSTAN,cuda,1,2048,1024,70.52,146.66,0.0,,,0.1339,0.2304,0.065,0.0961,0.0426,0.0555,"globo_recbole_sample::VSTAN::{""vstan_idf_weighting"": false, ""vstan_k"": 100, ""vstan_popularity_weight"": 0.0, ""vstan_position_decay"": 0.2, ""vstan_sample_size"": 500}",success,,224.38,"{""vstan_idf_weighting"": false, ""vstan_k"": 100, ""vstan_popularity_weight"": 0.0, ""vstan_position_decay"": 0.2, ""vstan_sample_size"": 500}",100,500,0.2,False,,,,,,,,,,0.0,session,F:\TimeAware Popularity Models and Fair Evaluation\recbole_results\tuning_results\session_full_tuning_results.csv,True,,,,,3.7396666666666665,0.014840894910419825,0.025697477493537752,0.061609769141634727,0.3142882609858276,0.6536233175862376,0.0,86.0,0.37173476222371066,0.0938,33.48955223880597,False,0.0555,mrr@10,0.0002473482485069971
session,yoochoose_recbole_sample,DecayPop,cuda,1,2048,1024,1.0,0.23,0.0,,,0.0139,0.0216,0.009,0.0115,0.0074,0.0084,"yoochoose_recbole_sample::DecayPop::{""decay_lambda"": 5e-08}",success,,8.91,"{""decay_lambda"": 5e-08}",,,,,,,,,,,,5e-08,,,session,F:\TimeAware Popularity Models and Fair Evaluation\recbole_results\tuning_results\session_full_tuning_results.csv,True,,,,,0.1485,0.05656565656565656,0.07744107744107745,0.14545454545454548,0.1122334455667789,0.025813692480359147,0.0,282.0,0.030292102416155788,0.2689,1.35,True,0.0084,mrr@10,0.0009427609427609427
session,yoochoose_recbole_sample,GRU4Rec,cuda,20,2048,2048,23.34,0.27,0.0,,,0.3688,0.4732,0.2602,0.2941,0.2243,0.2384,"yoochoose_recbole_sample::GRU4Rec::{""dropout_prob"": 0.2, ""epochs"": 20, ""eval_batch_size"": 2048, ""hidden_size"": 128, ""learning_rate"": 0.001, ""loss_type"": ""CE"", ""model"": ""GRU4Rec"", ""num_layers"": 1, ""train_batch_size"": 2048, ""train_neg_sample_args"": null}",success,,29.23,"{""dropout_prob"": 0.2, ""epochs"": 20, ""eval_batch_size"": 2048, ""hidden_size"": 128, ""learning_rate"": 0.001, ""loss_type"": ""CE"", ""model"": ""GRU4Rec"", ""num_layers"": 1, ""train_batch_size"": 2048, ""train_neg_sample_args"": null}",,,,,128.0,0.001,0.2,1.0,CE,,,,,,session,F:\TimeAware Popularity Models and Fair Evaluation\recbole_results\tuning_results\session_full_tuning_results.csv,True,,,,,0.4871666666666667,0.4893602463222716,0.6036948340745808,0.9713308244953814,0.7984946972288745,0.009237085186452276,0.0,133.0,0.85971871619185,0.03889999999999999,4.428787878787879,True,0.2384,mrr@10,0.008156004105371194
session,yoochoose_recbole_sample,MostPop,cuda,1,2048,1024,0.99,0.24,0.0,,,0.0139,0.0215,0.0087,0.0112,0.007,0.008,yoochoose_recbole_sample::MostPop::{},success,,7.25,{},,,,,,,,,,,,,,,session,F:\TimeAware Popularity Models and Fair Evaluation\recbole_results\tuning_results\session_full_tuning_results.csv,True,,,,,0.12083333333333333,0.06620689655172414,0.09268965517241379,0.1779310344827586,0.13655172413793104,0.03310344827586207,0.0,287.0,0.0288496213487198,0.2693,1.0984848484848486,True,0.008,mrr@10,0.001103448275862069
session,yoochoose_recbole_sample,RecentPop,cuda,1,2048,1024,1.02,0.23,0.0,,,0.0138,0.0212,0.0087,0.0111,0.007,0.008,"yoochoose_recbole_sample::RecentPop::{""window_days"": 180}",success,,7.26,"{""window_days"": 180}",,,,,,,,,,,180.0,,,,session,F:\TimeAware Popularity Models and Fair Evaluation\recbole_results\tuning_results\session_full_tuning_results.csv,True,,,,,0.121,0.06611570247933884,0.09173553719008265,0.17520661157024794,0.14049586776859505,0.03168044077134986,0.0,287.0,0.0288496213487198,0.2693,1.1,False,0.008,mrr@10,0.0011019283746556475
session,yoochoose_recbole_sample,VS-KNN,cuda,1,2048,1024,103.09,152.57,0.0,100,500,0.3818,0.4639,0.2786,0.3053,0.2443,0.2554,"yoochoose_recbole_sample::VS-KNN::{""vsknn_k"": 100, ""vsknn_popularity_weight"": 0.0, ""vsknn_sample_size"": 500}",success,,263.49,"{""vsknn_k"": 100, ""vsknn_popularity_weight"": 0.0, ""vsknn_sample_size"": 500}",,,,,,,,,,,,,0.0,,session,F:\TimeAware Popularity Models and Fair Evaluation\recbole_results\tuning_results\session_full_tuning_results.csv,True,,,,,4.3915,0.05815780485027895,0.06952066492086988,0.10563588750996243,0.39124824471516945,0.5790352575050286,0.0,88.0,0.9210241615578797,0.021899999999999975,39.92272727272728,False,0.2554,mrr@10,0.0009692967475046491
session,yoochoose_recbole_sample,VSTAN,cuda,1,2048,1024,119.48,176.94,0.0,,,0.3992,0.4852,0.2898,0.3178,0.2535,0.2651,"yoochoose_recbole_sample::VSTAN::{""vstan_idf_weighting"": false, ""vstan_k"": 100, ""vstan_popularity_weight"": 0.0, ""vstan_position_decay"": 0.2, ""vstan_sample_size"": 500}",success,,304.17,"{""vstan_idf_weighting"": false, ""vstan_k"": 100, ""vstan_popularity_weight"": 0.0, ""vstan_position_decay"": 0.2, ""vstan_sample_size"": 500}",100,500,0.2,False,,,,,,,,,,0.0,session,F:\TimeAware Popularity Models and Fair Evaluation\recbole_results\tuning_results\session_full_tuning_results.csv,True,,,,,5.069500000000001,0.05229312555478843,0.06268862806982937,0.09570963605878291,0.3928066541736529,0.5817141729953644,0.0,45.0,0.9560043274432023,0.012199999999999989,46.08636363636364,False,0.2651,mrr@10,0.0008715520925798073
topn,amazon_recbole,BPR,cuda,50,2048,2048,2952.74,1264.8,286.62,,,0.0305,0.0408,0.0237,0.0269,0.0215,0.0229,"amazon_recbole::BPR::{""embedding_size"": 128, ""epochs"": 50, ""learning_rate"": 0.0001, ""train_neg_sample_args"": {""alpha"": 1.0, ""candidate_num"": 0, ""distribution"": ""uniform"", ""dynamic"": false, ""sample_num"": 1}}",success,,4530.62,"{""embedding_size"": 128, ""epochs"": 50, ""learning_rate"": 0.0001, ""train_neg_sample_args"": {""alpha"": 1.0, ""candidate_num"": 0, ""distribution"": ""uniform"", ""dynamic"": false, ""sample_num"": 1}}",,,,,,0.0001,,,,"{'distribution': 'uniform', 'sample_num': 1, 'alpha': 1.0, 'dynamic': False, 'candidate_num': 0}",,,,,topn,F:\TimeAware Popularity Models and Fair Evaluation\recbole_results\tuning_results\topn_full_tuning_results.csv,True,0.043175187821103,2040.3935205090888,2026-05-24T18:57:39,128.0,75.51033333333334,0.0003032697511598854,0.00035624263345855535,0.0005403233994464334,0.6517297853273945,0.27916708971399057,0.06326286468518658,7.0,0.44123314065510594,0.029,2.762404731418816,True,0.0229,mrr@10,5.054495852664757e-06
topn,amazon_recbole,DecayPop,cuda,1,2048,2048,208.93,1162.02,261.4,,,0.0163,0.026,0.0105,0.0136,0.0087,0.01,"amazon_recbole::DecayPop::{""decay_lambda"": 5e-09}",success,,1670.23,"{""decay_lambda"": 5e-09}",,,,,,,,,,,,5e-09,,,topn,F:\TimeAware Popularity Models and Fair Evaluation\recbole_results\tuning_results\topn_full_tuning_results.csv,True,0.0001549040025473,3197.8703986068463,2026-05-24T16:10:18,,27.83716666666667,0.0003592319620651048,0.0004885554684085425,0.0009340031013692724,0.12509055639043726,0.6957245409314885,0.15650539147303064,11.0,0.1926782273603083,0.0419,1.0183708310468875,True,0.01,mrr@10,5.987199367751747e-06
topn,amazon_recbole,MostPop,cuda,1,2048,2048,198.9,1164.09,273.52,,,0.0159,0.0236,0.01,0.0124,0.0081,0.0091,amazon_recbole::MostPop::{},success,,1662.26,{},,,,,,,,,,,,,,,topn,F:\TimeAware Popularity Models and Fair Evaluation\recbole_results\tuning_results\topn_full_tuning_results.csv,True,0.0001549040025473,3421.4669257370565,2026-05-24T12:29:34,,27.704333333333334,0.00032846847063636256,0.000447583410537461,0.0008518522974745226,0.1196563714461035,0.700305608027625,0.16454706243307304,15.0,0.17533718689788055,0.042800000000000005,1.0135113712578503,False,0.0091,mrr@10,5.474474510606043e-06
topn,amazon_recbole,RecentPop,cuda,1,2048,2048,244.54,1196.88,260.33,,,0.0059,0.0131,0.0033,0.0055,0.0025,0.0034,"amazon_recbole::RecentPop::{""window_days"": 180}",success,,1730.85,"{""window_days"": 180}",,,,,,,,,,,180.0,,,,topn,F:\TimeAware Popularity Models and Fair Evaluation\recbole_results\tuning_results\topn_full_tuning_results.csv,True,0.0001204808908701,818.4639594331145,2026-05-24T12:56:54,,28.8475,0.00011786116647889765,0.00019065776930409913,0.0004541121414333998,0.1412831845624982,0.6914983967414855,0.1504058699482913,18.0,0.06551059730250482,0.0485,1.0553319919517103,False,0.0034,mrr@10,1.9643527746482942e-06
topn,movielens_recbole,BPR,cuda,10,2048,2048,1001.65,80.55,49.44,,,0.2219,0.3274,0.0699,0.0746,0.1259,0.1398,"movielens_recbole::BPR::{""embedding_size"": 128, ""epochs"": 50, ""learning_rate"": 0.001, ""train_neg_sample_args"": {""alpha"": 1.0, ""candidate_num"": 0, ""distribution"": ""uniform"", ""dynamic"": false, ""sample_num"": 1}}",success,,1188.86,"{""embedding_size"": 32, ""epochs"": 10, ""learning_rate"": 0.001, ""train_neg_sample_args"": {""alpha"": 1.0, ""candidate_num"": 0, ""distribution"": ""uniform"", ""dynamic"": false, ""sample_num"": 1}}",,,,,,0.001,,,,"{'distribution': 'uniform', 'sample_num': 1, 'alpha': 1.0, 'dynamic': False, 'candidate_num': 0}",,,,,topn,F:\TimeAware Popularity Models and Fair Evaluation\recbole_results\tuning_results\topn_full_tuning_results.csv,True,0.1163321851130747,33411.6090712166,2026-05-23T15:51:14,32.0,19.81433333333333,0.007055498544824455,0.003764951297882005,0.016523392157192607,0.8425298184815706,0.06775398280705887,0.04158605723129721,8.0,0.904269081500647,0.01479999999999998,4.177007940411777,True,0.1398,mrr@10,0.00011759164241374092
topn,movielens_recbole,DecayPop,cuda,1,2048,2048,98.74,78.58,47.38,,,0.1734,0.251,0.0535,0.0558,0.0962,0.1065,"movielens_recbole::DecayPop::{""decay_lambda"": 1e-09}",success,,423.75,"{""decay_lambda"": 1e-09}",,,,,,,,,,,,1e-09,,,topn,F:\TimeAware Popularity Models and Fair Evaluation\recbole_results\tuning_results\topn_full_tuning_results.csv,True,0.0134230697326603,47055.27381239485,2026-05-23T15:03:11,,7.0625,0.015079646017699115,0.007900884955752212,0.03553982300884956,0.23301474926253687,0.1854395280235988,0.11181120943952803,11.0,0.6888745148771023,0.04809999999999999,1.4888272082074345,True,0.1065,mrr@10,0.00025132743362831856
topn,movielens_recbole,MostPop,cuda,1,2048,2048,101.67,78.86,49.17,,,0.1697,0.2479,0.053,0.0555,0.0958,0.1062,movielens_recbole::MostPop::{},success,,284.62,{},,,,,,,,,,,,,,,topn,F:\TimeAware Popularity Models and Fair Evaluation\recbole_results\tuning_results\topn_full_tuning_results.csv,True,0.0138717517292951,47378.196128324176,2026-05-23T14:14:42,,4.743666666666667,0.02238774506359356,0.011699810273346918,0.0522591525542829,0.357213126273628,0.2770711826294709,0.17275665800014053,12.0,0.6869340232858991,0.048399999999999985,1.0,True,0.1062,mrr@10,0.00037312908439322606
topn,movielens_recbole,RecentPop,cuda,1,2048,2048,98.05,75.04,46.85,,,0.1148,0.1952,0.0345,0.0389,0.0665,0.0771,"movielens_recbole::RecentPop::{""window_days"": 3}",success,,330.6,"{""window_days"": 3}",,,,,,,,,,,3.0,,,,topn,F:\TimeAware Popularity Models and Fair Evaluation\recbole_results\tuning_results\topn_full_tuning_results.csv,True,0.0056459151243223,29676.872142996395,2026-05-23T14:20:34,,5.510000000000001,0.013992740471869327,0.007059891107078039,0.03542649727767695,0.2965819721718088,0.22698124621899576,0.14171203871748336,20.0,0.49870633893919797,0.07749999999999999,1.1615487316421897,False,0.0771,mrr@10,0.00023321234119782214
