dataset,model,prefix_group,query_count,query_share,final_test_id,hit@5,mrr@5,ndcg@5,hit@10,mrr@10,ndcg@10
adressa_recbole_sample,DecayPop,1,0,0.0,validation_first_v6::test::session::adressa_recbole_sample::DecayPop::seed=42,,,,,,
adressa_recbole_sample,DecayPop,2,19498,0.3030840017409687,validation_first_v6::test::session::adressa_recbole_sample::DecayPop::seed=42,0.2457687967996717,0.1338786884124867,0.1613350802971651,0.3762437173043389,0.1511191624049352,0.2033602850581527
adressa_recbole_sample,DecayPop,3,12677,0.197055897531555,validation_first_v6::test::session::adressa_recbole_sample::DecayPop::seed=42,0.2656779995267019,0.1496095290683915,0.1781999607367295,0.4061686518892482,0.1683441515755943,0.2236187989214225
adressa_recbole_sample,DecayPop,4+,32157,0.4998601007274762,validation_first_v6::test::session::adressa_recbole_sample::DecayPop::seed=42,0.2708275025655378,0.1581988369561837,0.186052111591479,0.4212457629754019,0.1785269666531911,0.2349608078832516
adressa_recbole_sample,GRU4Rec,1,0,0.0,validation_first_v6::test::session::adressa_recbole_sample::GRU4Rec::seed=42,,,,,,
adressa_recbole_sample,GRU4Rec,2,19498,0.3030840017409687,validation_first_v6::test::session::adressa_recbole_sample::GRU4Rec::seed=42,0.3732177659247102,0.2134509522344172,0.2529505591927574,0.5357985434403528,0.2348541038804142,0.3052289958768018
adressa_recbole_sample,GRU4Rec,3,12677,0.197055897531555,validation_first_v6::test::session::adressa_recbole_sample::GRU4Rec::seed=42,0.3738266151297625,0.2138768373169256,0.2534709904740962,0.5382977045042202,0.2356063537139501,0.3064366198914886
adressa_recbole_sample,GRU4Rec,4+,32157,0.4998601007274762,validation_first_v6::test::session::adressa_recbole_sample::GRU4Rec::seed=42,0.3963989178094971,0.2273325662634367,0.2691369166953156,0.5642317380352645,0.2497465189390742,0.3234257159675689
adressa_recbole_sample,MostPop,1,0,0.0,validation_first_v6::test::session::adressa_recbole_sample::MostPop::seed=42,,,,,,
adressa_recbole_sample,MostPop,2,19498,0.3030840017409687,validation_first_v6::test::session::adressa_recbole_sample::MostPop::seed=42,0.2418196738126987,0.1174419598591308,0.148080389636088,0.3902964406605805,0.1358744975064597,0.1947032614123705
adressa_recbole_sample,MostPop,3,12677,0.197055897531555,validation_first_v6::test::session::adressa_recbole_sample::MostPop::seed=42,0.2466671925534432,0.1190344718782046,0.1505400443846598,0.3896821014435592,0.1364709679196545,0.1951279033177597
adressa_recbole_sample,MostPop,4+,32157,0.4998601007274762,validation_first_v6::test::session::adressa_recbole_sample::MostPop::seed=42,0.2358739932207606,0.103051176001078,0.1358610630323995,0.3566875019435893,0.117535444898072,0.1732698257059628
adressa_recbole_sample,RecentPop,1,0,0.0,validation_first_v6::test::session::adressa_recbole_sample::RecentPop::seed=42,,,,,,
adressa_recbole_sample,RecentPop,2,19498,0.3030840017409687,validation_first_v6::test::session::adressa_recbole_sample::RecentPop::seed=42,0.2457687967996717,0.1256513488562929,0.1554328114718797,0.3762437173043389,0.1420933282534472,0.1966422684855585
adressa_recbole_sample,RecentPop,3,12677,0.197055897531555,validation_first_v6::test::session::adressa_recbole_sample::RecentPop::seed=42,0.2656779995267019,0.1339985801057032,0.1667135404120383,0.4061686518892482,0.1520459812859434,0.2114349518483655
adressa_recbole_sample,RecentPop,4+,32157,0.4998601007274762,validation_first_v6::test::session::adressa_recbole_sample::RecentPop::seed=42,0.2708275025655378,0.12467580931057,0.1610101791265506,0.4212457629754019,0.1442421260571274,0.2091263948876645
adressa_recbole_sample,VS-KNN,1,0,0.0,validation_first_v6::test::session::adressa_recbole_sample::VS-KNN::seed=42,,,,,,
adressa_recbole_sample,VS-KNN,2,19498,0.3030840017409687,validation_first_v6::test::session::adressa_recbole_sample::VS-KNN::seed=42,0.321520155913427,0.1787020891031558,0.2140425809352708,0.469689198892194,0.1980614210330078,0.2615373113005261
adressa_recbole_sample,VS-KNN,3,12677,0.197055897531555,validation_first_v6::test::session::adressa_recbole_sample::VS-KNN::seed=42,0.3144277037153901,0.1629078909310825,0.2004143710589352,0.4635166048749704,0.1824217962539332,0.2482425656818657
adressa_recbole_sample,VS-KNN,4+,32157,0.4998601007274762,validation_first_v6::test::session::adressa_recbole_sample::VS-KNN::seed=42,0.2904499797866716,0.1419670159944439,0.1785361272894659,0.4419566501850297,0.1616337823703249,0.2269716731886967
adressa_recbole_sample,VSTAN,1,0,0.0,validation_first_v7_vstan_collapsed::test::session::adressa_recbole_sample::VSTAN::seed=42,,,,,,
adressa_recbole_sample,VSTAN,2,19498,0.3030840017409687,validation_first_v7_vstan_collapsed::test::session::adressa_recbole_sample::VSTAN::seed=42,0.3253154169658426,0.1758325640236605,0.2126605891924134,0.4881526310390809,0.197391816336067,0.2651450278366944
adressa_recbole_sample,VSTAN,3,12677,0.197055897531555,validation_first_v7_vstan_collapsed::test::session::adressa_recbole_sample::VSTAN::seed=42,0.2930504062475349,0.1439076016933554,0.1804932095437591,0.4753490573479529,0.1681220896236278,0.2393277408835205
adressa_recbole_sample,VSTAN,4+,32157,0.4998601007274762,validation_first_v7_vstan_collapsed::test::session::adressa_recbole_sample::VSTAN::seed=42,0.2509873433467052,0.1180484290615832,0.15055560350033,0.4370121590944429,0.1426039703024496,0.2104457403564325
globo_recbole_sample,DecayPop,1,0,0.0,validation_first_v6::test::session::globo_recbole_sample::DecayPop::seed=42,,,,,,
globo_recbole_sample,DecayPop,2,37530,0.5345544667274384,validation_first_v6::test::session::globo_recbole_sample::DecayPop::seed=42,0.0411404209965361,0.0216617816857625,0.0264211564491048,0.0709832134292565,0.0255455635491606,0.0359699430785198
globo_recbole_sample,DecayPop,3,15553,0.2215274612579763,validation_first_v6::test::session::globo_recbole_sample::DecayPop::seed=42,0.0367774705844531,0.0206723247390642,0.0246166507414066,0.0628174628688998,0.02395345051585,0.032839838554784
globo_recbole_sample,DecayPop,4+,17125,0.2439180720145852,validation_first_v6::test::session::globo_recbole_sample::DecayPop::seed=42,0.0235328467153284,0.0125644768856447,0.0152456291543712,0.0412262773722627,0.0148068126520681,0.0208455651214383
globo_recbole_sample,GRU4Rec,1,0,0.0,validation_first_v6::test::session::globo_recbole_sample::GRU4Rec::seed=42,,,,,,
globo_recbole_sample,GRU4Rec,2,37530,0.5345544667274384,validation_first_v6::test::session::globo_recbole_sample::GRU4Rec::seed=42,0.3081801225686117,0.1805133670841104,0.2120807908024347,0.4294697575273115,0.1966078777189888,0.2512097561601211
globo_recbole_sample,GRU4Rec,3,15553,0.2215274612579763,validation_first_v6::test::session::globo_recbole_sample::GRU4Rec::seed=42,0.2573779978139265,0.1503279110139523,0.1767885946437816,0.3665530765768662,0.1647804384189647,0.211976693708831
globo_recbole_sample,GRU4Rec,4+,17125,0.2439180720145852,validation_first_v6::test::session::globo_recbole_sample::GRU4Rec::seed=42,0.1790364963503649,0.102712408759124,0.1215484274525169,0.2665109489051095,0.1142873363457305,0.1497354831031717
globo_recbole_sample,MostPop,1,0,0.0,validation_first_v6::test::session::globo_recbole_sample::MostPop::seed=42,,,,,,
globo_recbole_sample,MostPop,2,37530,0.5345544667274384,validation_first_v6::test::session::globo_recbole_sample::MostPop::seed=42,0.040314415134559,0.0214139799271693,0.026032895255309,0.0706634692246203,0.0254278059034254,0.0358093594906186
globo_recbole_sample,MostPop,3,15553,0.2215274612579763,validation_first_v6::test::session::globo_recbole_sample::MostPop::seed=42,0.03465569343535,0.019854690413425,0.0234783546540226,0.0635890181958464,0.0236369699511858,0.0327551357840683
globo_recbole_sample,MostPop,4+,17125,0.2439180720145852,validation_first_v6::test::session::globo_recbole_sample::MostPop::seed=42,0.0221897810218978,0.0119727493917274,0.014465108530965,0.0440291970802919,0.014797404703974,0.0214364714858947
globo_recbole_sample,RecentPop,1,0,0.0,validation_first_v6::test::session::globo_recbole_sample::RecentPop::seed=42,,,,,,
globo_recbole_sample,RecentPop,2,37530,0.5345544667274384,validation_first_v6::test::session::globo_recbole_sample::RecentPop::seed=42,0.0326938449240607,0.0153654853894662,0.0196345338885771,0.060884625632827,0.0190494588456219,0.028674481445245
globo_recbole_sample,RecentPop,3,15553,0.2215274612579763,validation_first_v6::test::session::globo_recbole_sample::RecentPop::seed=42,0.0291905098694785,0.0139640798131121,0.0177047427215563,0.0552947984311708,0.0173301940420824,0.0260319438083011
globo_recbole_sample,RecentPop,4+,17125,0.2439180720145852,validation_first_v6::test::session::globo_recbole_sample::RecentPop::seed=42,0.0204963503649635,0.0094384428223844,0.0121522185959046,0.0375474452554744,0.0115727957362993,0.017525595819768
globo_recbole_sample,VS-KNN,1,0,0.0,validation_first_v6::test::session::globo_recbole_sample::VS-KNN::seed=42,,,,,,
globo_recbole_sample,VS-KNN,2,37530,0.5345544667274384,validation_first_v6::test::session::globo_recbole_sample::VS-KNN::seed=42,0.2611244337863043,0.0815116795452526,0.1254795205575067,0.4324540367705835,0.1044883458312714,0.1809948689974377
globo_recbole_sample,VS-KNN,3,15553,0.2215274612579763,validation_first_v6::test::session::globo_recbole_sample::VS-KNN::seed=42,0.1952677939947277,0.0588332368889174,0.0920809258027226,0.363016781328361,0.0813280549151442,0.1464356194512334
globo_recbole_sample,VS-KNN,4+,17125,0.2439180720145852,validation_first_v6::test::session::globo_recbole_sample::VS-KNN::seed=42,0.1215766423357664,0.0367970802919708,0.0574450684837785,0.2564671532846715,0.0546292665971498,0.100895468454591
globo_recbole_sample,VSTAN,1,0,0.0,validation_first_v7_vstan_collapsed::test::session::globo_recbole_sample::VSTAN::seed=42,,,,,,
globo_recbole_sample,VSTAN,2,37530,0.5345544667274384,validation_first_v7_vstan_collapsed::test::session::globo_recbole_sample::VSTAN::seed=42,0.247322142286171,0.0708624211741717,0.1137830998769753,0.4253930189181987,0.0948552797973261,0.1715936178974107
globo_recbole_sample,VSTAN,3,15553,0.2215274612579763,validation_first_v7_vstan_collapsed::test::session::globo_recbole_sample::VSTAN::seed=42,0.1658200990162669,0.0433817698621916,0.0728386031009301,0.3450781199768533,0.0673301940420824,0.1308329970909713
globo_recbole_sample,VSTAN,4+,17125,0.2439180720145852,validation_first_v7_vstan_collapsed::test::session::globo_recbole_sample::VSTAN::seed=42,0.0803503649635036,0.0207143552311435,0.0350131318025232,0.2227153284671532,0.0393721700845788,0.0807094913421278
yoochoose_recbole_sample,DecayPop,1,0,0.0,validation_first_v6::test::session::yoochoose_recbole_sample::DecayPop::seed=42,,,,,,
yoochoose_recbole_sample,DecayPop,2,25438,0.3559006645680307,validation_first_v6::test::session::yoochoose_recbole_sample::DecayPop::seed=42,0.0161569305763031,0.0082343999790339,0.0101753983948935,0.023311581099143,0.0091301508679054,0.0124293265587918
yoochoose_recbole_sample,DecayPop,3,14679,0.2053725078698845,validation_first_v6::test::session::yoochoose_recbole_sample::DecayPop::seed=42,0.0147830233667143,0.0079206122124577,0.009605323281138,0.0225492199741126,0.0088857367776231,0.0120445617109164
yoochoose_recbole_sample,DecayPop,4+,31358,0.4387268275620846,validation_first_v6::test::session::yoochoose_recbole_sample::DecayPop::seed=42,0.0117035525224823,0.005978803920318,0.0073741238532157,0.0181134000892914,0.0068011934880038,0.0094135577777797
yoochoose_recbole_sample,GRU4Rec,1,0,0.0,validation_first_v6::test::session::yoochoose_recbole_sample::GRU4Rec::seed=42,,,,,,
yoochoose_recbole_sample,GRU4Rec,2,25438,0.3559006645680307,validation_first_v6::test::session::yoochoose_recbole_sample::GRU4Rec::seed=42,0.441937259218492,0.2741456351390308,0.3158897347425392,0.5453652016667977,0.2881854980113491,0.34957315583207
yoochoose_recbole_sample,GRU4Rec,3,14679,0.2053725078698845,validation_first_v6::test::session::yoochoose_recbole_sample::GRU4Rec::seed=42,0.4263914435588255,0.266572427731226,0.3063252892214802,0.538660671707882,0.2817312714308422,0.3428075350909835
yoochoose_recbole_sample,GRU4Rec,4+,31358,0.4387268275620846,validation_first_v6::test::session::yoochoose_recbole_sample::GRU4Rec::seed=42,0.3610243000191339,0.2188729085613453,0.2541652367701899,0.4640602079214235,0.2327219099047659,0.2875851423416671
yoochoose_recbole_sample,MostPop,1,0,0.0,validation_first_v6::test::session::yoochoose_recbole_sample::MostPop::seed=42,,,,,,
yoochoose_recbole_sample,MostPop,2,25438,0.3559006645680307,validation_first_v6::test::session::yoochoose_recbole_sample::MostPop::seed=42,0.0154493277773409,0.0084794402075634,0.0102125357767187,0.02342951489897,0.0095084282107632,0.0127560076887406
yoochoose_recbole_sample,MostPop,3,14679,0.2053725078698845,validation_first_v6::test::session::yoochoose_recbole_sample::MostPop::seed=42,0.0136930308604128,0.0069191815972931,0.0086017517870604,0.0217317255943865,0.0079895747839749,0.0111974123519546
yoochoose_recbole_sample,MostPop,4+,31358,0.4387268275620846,validation_first_v6::test::session::yoochoose_recbole_sample::MostPop::seed=42,0.0126283564002806,0.0058725046240193,0.0075391112176547,0.0199311180559984,0.0068310838377488,0.0098842971729149
yoochoose_recbole_sample,RecentPop,1,0,0.0,validation_first_v6::test::session::yoochoose_recbole_sample::RecentPop::seed=42,,,,,,
yoochoose_recbole_sample,RecentPop,2,25438,0.3559006645680307,validation_first_v6::test::session::yoochoose_recbole_sample::RecentPop::seed=42,0.0121471813821841,0.0070399926618969,0.0082895860099089,0.0230364022328799,0.0085526652414772,0.0118687398167398
yoochoose_recbole_sample,RecentPop,3,14679,0.2053725078698845,validation_first_v6::test::session::yoochoose_recbole_sample::RecentPop::seed=42,0.012262415695892,0.0072166587188046,0.008459881456972,0.0220042237209619,0.008517566937759,0.0116096998050218
yoochoose_recbole_sample,RecentPop,4+,31358,0.4387268275620846,validation_first_v6::test::session::yoochoose_recbole_sample::RecentPop::seed=42,0.0090567000446457,0.0052830750260433,0.0062088758278929,0.0163913514892531,0.0062733162444559,0.0085914460270783
yoochoose_recbole_sample,VS-KNN,1,0,0.0,validation_first_v6::test::session::yoochoose_recbole_sample::VS-KNN::seed=42,,,,,,
yoochoose_recbole_sample,VS-KNN,2,25438,0.3559006645680307,validation_first_v6::test::session::yoochoose_recbole_sample::VS-KNN::seed=42,0.4657598867835522,0.2832324344157035,0.3288640650482889,0.5605000393112666,0.2961043782767188,0.359728511221625
yoochoose_recbole_sample,VS-KNN,3,14679,0.2053725078698845,validation_first_v6::test::session::yoochoose_recbole_sample::VS-KNN::seed=42,0.4679474078615709,0.3009140041328882,0.342559652243759,0.564547993732543,0.3140476028274924,0.3740407248651554
yoochoose_recbole_sample,VS-KNN,4+,31358,0.4387268275620846,validation_first_v6::test::session::yoochoose_recbole_sample::VS-KNN::seed=42,0.411569615409146,0.2553585475264153,0.2941914242970799,0.5125645768225014,0.2689854592686405,0.3270004536712467
yoochoose_recbole_sample,VSTAN,1,0,0.0,validation_first_v7_vstan_collapsed::test::session::yoochoose_recbole_sample::VSTAN::seed=42,,,,,,
yoochoose_recbole_sample,VSTAN,2,25438,0.3559006645680307,validation_first_v7_vstan_collapsed::test::session::yoochoose_recbole_sample::VSTAN::seed=42,0.4705558613098514,0.2911353093796682,0.3359526631544919,0.5550357732526142,0.3026739929139882,0.3635367666374496
yoochoose_recbole_sample,VSTAN,3,14679,0.2053725078698845,validation_first_v7_vstan_collapsed::test::session::yoochoose_recbole_sample::VSTAN::seed=42,0.4726480005449962,0.2959988191747849,0.3400692186474817,0.5615505143402139,0.3081101443915668,0.3690638944530779
yoochoose_recbole_sample,VSTAN,4+,31358,0.4387268275620846,validation_first_v7_vstan_collapsed::test::session::yoochoose_recbole_sample::VSTAN::seed=42,0.4071688245423815,0.2491304717562769,0.2884218418552761,0.5048472479112188,0.2624312850977497,0.3202743772159143
